FileName,ScientificName,CommonName
1001.jpg,Phyllostachys edulis (Carr.) Houz.,pubescent bamboo
1002.jpg,Phyllostachys edulis (Carr.) Houz.,pubescent bamboo
1003.jpg,Phyllostachys edulis (Carr.) Houz.,pubescent bamboo
1004.jpg,Phyllostachys edulis (Carr.) Houz.,pubescent bamboo
1005.jpg,Phyllostachys edulis (Carr.) Houz.,pubescent bamboo
1006.jpg,Phyllostachys edulis (Carr.) Houz.,pubescent bamboo
1007.jpg,Phyllostachys edulis (Carr.) Houz.,pubescent bamboo
1008.jpg,Phyllostachys edulis (Carr.) Houz.,pubescent bamboo
1009.jpg,Phyllostachys edulis (Carr.) Houz.,pubescent bamboo
1010.jpg,Phyllostachys edulis (Carr.) Houz.,pubescent bamboo
1011.jpg,Phyllostachys edulis (Carr.) Houz.,pubescent bamboo
1012.jpg,Phyllostachys edulis (Carr.) Houz.,pubescent bamboo
1013.jpg,Phyllostachys edulis (Carr.) Houz.,pubescent bamboo
1014.jpg,Phyllostachys edulis (Carr.) Houz.,pubescent bamboo
1015.jpg,Phyllostachys edulis (Carr.) Houz.,pubescent bamboo
1016.jpg,Phyllostachys edulis (Carr.) Houz.,pubescent bamboo
1017.jpg,Phyllostachys edulis (Carr.) Houz.,pubescent bamboo
1018.jpg,Phyllostachys edulis (Carr.) Houz.,pubescent bamboo
1019.jpg,Phyllostachys edulis (Carr.) Houz.,pubescent bamboo
1020.jpg,Phyllostachys edulis (Carr.) Houz.,pubescent bamboo
1021.jpg,Phyllostachys edulis (Carr.) Houz.,pubescent bamboo
1022.jpg,Phyllostachys edulis (Carr.) Houz.,pubescent bamboo
1023.jpg,Phyllostachys edulis (Carr.) Houz.,pubescent bamboo
1024.jpg,Phyllostachys edulis (Carr.) Houz.,pubescent bamboo
1025.jpg,Phyllostachys edulis (Carr.) Houz.,pubescent bamboo
1026.jpg,Phyllostachys edulis (Carr.) Houz.,pubescent bamboo
1027.jpg,Phyllostachys edulis (Carr.) Houz.,pubescent bamboo
1028.jpg,Phyllostachys edulis (Carr.) Houz.,pubescent bamboo
1029.jpg,Phyllostachys edulis (Carr.) Houz.,pubescent bamboo
1030.jpg,Phyllostachys edulis (Carr.) Houz.,pubescent bamboo
1031.jpg,Phyllostachys edulis (Carr.) Houz.,pubescent bamboo
1032.jpg,Phyllostachys edulis (Carr.) Houz.,pubescent bamboo
1033.jpg,Phyllostachys edulis (Carr.) Houz.,pubescent bamboo
1034.jpg,Phyllostachys edulis (Carr.) Houz.,pubescent bamboo
1035.jpg,Phyllostachys edulis (Carr.) Houz.,pubescent bamboo
1036.jpg,Phyllostachys edulis (Carr.) Houz.,pubescent bamboo
1037.jpg,Phyllostachys edulis (Carr.) Houz.,pubescent bamboo
1038.jpg,Phyllostachys edulis (Carr.) Houz.,pubescent bamboo
1039.jpg,Phyllostachys edulis (Carr.) Houz.,pubescent bamboo
1040.jpg,Phyllostachys edulis (Carr.) Houz.,pubescent bamboo
1041.jpg,Phyllostachys edulis (Carr.) Houz.,pubescent bamboo
1042.jpg,Phyllostachys edulis (Carr.) Houz.,pubescent bamboo
1043.jpg,Phyllostachys edulis (Carr.) Houz.,pubescent bamboo
1044.jpg,Phyllostachys edulis (Carr.) Houz.,pubescent bamboo
1045.jpg,Phyllostachys edulis (Carr.) Houz.,pubescent bamboo
1046.jpg,Phyllostachys edulis (Carr.) Houz.,pubescent bamboo
1047.jpg,Phyllostachys edulis (Carr.) Houz.,pubescent bamboo
1048.jpg,Phyllostachys edulis (Carr.) Houz.,pubescent bamboo
1049.jpg,Phyllostachys edulis (Carr.) Houz.,pubescent bamboo
1050.jpg,Phyllostachys edulis (Carr.) Houz.,pubescent bamboo
1051.jpg,Phyllostachys edulis (Carr.) Houz.,pubescent bamboo
1052.jpg,Phyllostachys edulis (Carr.) Houz.,pubescent bamboo
1053.jpg,Phyllostachys edulis (Carr.) Houz.,pubescent bamboo
1054.jpg,Phyllostachys edulis (Carr.) Houz.,pubescent bamboo
1055.jpg,Phyllostachys edulis (Carr.) Houz.,pubescent bamboo
1056.jpg,Phyllostachys edulis (Carr.) Houz.,pubescent bamboo
1057.jpg,Phyllostachys edulis (Carr.) Houz.,pubescent bamboo
1058.jpg,Phyllostachys edulis (Carr.) Houz.,pubescent bamboo
1059.jpg,Phyllostachys edulis (Carr.) Houz.,pubescent bamboo
1060.jpg,Aesculus chinensis,Chinese horse chestnut
1061.jpg,Aesculus chinensis,Chinese horse chestnut
1062.jpg,Aesculus chinensis,Chinese horse chestnut
1063.jpg,Aesculus chinensis,Chinese horse chestnut
1064.jpg,Aesculus chinensis,Chinese horse chestnut
1065.jpg,Aesculus chinensis,Chinese horse chestnut
1066.jpg,Aesculus chinensis,Chinese horse chestnut
1067.jpg,Aesculus chinensis,Chinese horse chestnut
1068.jpg,Aesculus chinensis,Chinese horse chestnut
1069.jpg,Aesculus chinensis,Chinese horse chestnut
1070.jpg,Aesculus chinensis,Chinese horse chestnut
1071.jpg,Aesculus chinensis,Chinese horse chestnut
1072.jpg,Aesculus chinensis,Chinese horse chestnut
1073.jpg,Aesculus chinensis,Chinese horse chestnut
1074.jpg,Aesculus chinensis,Chinese horse chestnut
1075.jpg,Aesculus chinensis,Chinese horse chestnut
1076.jpg,Aesculus chinensis,Chinese horse chestnut
1077.jpg,Aesculus chinensis,Chinese horse chestnut
1078.jpg,Aesculus chinensis,Chinese horse chestnut
1079.jpg,Aesculus chinensis,Chinese horse chestnut
1080.jpg,Aesculus chinensis,Chinese horse chestnut
1081.jpg,Aesculus chinensis,Chinese horse chestnut
1082.jpg,Aesculus chinensis,Chinese horse chestnut
1083.jpg,Aesculus chinensis,Chinese horse chestnut
1084.jpg,Aesculus chinensis,Chinese horse chestnut
1085.jpg,Aesculus chinensis,Chinese horse chestnut
1086.jpg,Aesculus chinensis,Chinese horse chestnut
1087.jpg,Aesculus chinensis,Chinese horse chestnut
1088.jpg,Aesculus chinensis,Chinese horse chestnut
1089.jpg,Aesculus chinensis,Chinese horse chestnut
1090.jpg,Aesculus chinensis,Chinese horse chestnut
1091.jpg,Aesculus chinensis,Chinese horse chestnut
1092.jpg,Aesculus chinensis,Chinese horse chestnut
1093.jpg,Aesculus chinensis,Chinese horse chestnut
1094.jpg,Aesculus chinensis,Chinese horse chestnut
1095.jpg,Aesculus chinensis,Chinese horse chestnut
1096.jpg,Aesculus chinensis,Chinese horse chestnut
1097.jpg,Aesculus chinensis,Chinese horse chestnut
1098.jpg,Aesculus chinensis,Chinese horse chestnut
1099.jpg,Aesculus chinensis,Chinese horse chestnut
1100.jpg,Aesculus chinensis,Chinese horse chestnut
1101.jpg,Aesculus chinensis,Chinese horse chestnut
1102.jpg,Aesculus chinensis,Chinese horse chestnut
1103.jpg,Aesculus chinensis,Chinese horse chestnut
1104.jpg,Aesculus chinensis,Chinese horse chestnut
1105.jpg,Aesculus chinensis,Chinese horse chestnut
1106.jpg,Aesculus chinensis,Chinese horse chestnut
1107.jpg,Aesculus chinensis,Chinese horse chestnut
1108.jpg,Aesculus chinensis,Chinese horse chestnut
1109.jpg,Aesculus chinensis,Chinese horse chestnut
1110.jpg,Aesculus chinensis,Chinese horse chestnut
1111.jpg,Aesculus chinensis,Chinese horse chestnut
1112.jpg,Aesculus chinensis,Chinese horse chestnut
1113.jpg,Aesculus chinensis,Chinese horse chestnut
1114.jpg,Aesculus chinensis,Chinese horse chestnut
1115.jpg,Aesculus chinensis,Chinese horse chestnut
1116.jpg,Aesculus chinensis,Chinese horse chestnut
1117.jpg,Aesculus chinensis,Chinese horse chestnut
1118.jpg,Aesculus chinensis,Chinese horse chestnut
1119.jpg,Aesculus chinensis,Chinese horse chestnut
1120.jpg,Aesculus chinensis,Chinese horse chestnut
1121.jpg,Aesculus chinensis,Chinese horse chestnut
1122.jpg,Aesculus chinensis,Chinese horse chestnut
1123.jpg,Cercis chinensis,Chinese redbud
1124.jpg,Cercis chinensis,Chinese redbud
1125.jpg,Cercis chinensis,Chinese redbud
1126.jpg,Cercis chinensis,Chinese redbud
1127.jpg,Cercis chinensis,Chinese redbud
1128.jpg,Cercis chinensis,Chinese redbud
1129.jpg,Cercis chinensis,Chinese redbud
1130.jpg,Cercis chinensis,Chinese redbud
1131.jpg,Cercis chinensis,Chinese redbud
1132.jpg,Cercis chinensis,Chinese redbud
1133.jpg,Cercis chinensis,Chinese redbud
1134.jpg,Cercis chinensis,Chinese redbud
1135.jpg,Cercis chinensis,Chinese redbud
1136.jpg,Cercis chinensis,Chinese redbud
1137.jpg,Cercis chinensis,Chinese redbud
1138.jpg,Cercis chinensis,Chinese redbud
1139.jpg,Cercis chinensis,Chinese redbud
1140.jpg,Cercis chinensis,Chinese redbud
1141.jpg,Cercis chinensis,Chinese redbud
1142.jpg,Cercis chinensis,Chinese redbud
1143.jpg,Cercis chinensis,Chinese redbud
1144.jpg,Cercis chinensis,Chinese redbud
1145.jpg,Cercis chinensis,Chinese redbud
1146.jpg,Cercis chinensis,Chinese redbud
1147.jpg,Cercis chinensis,Chinese redbud
1148.jpg,Cercis chinensis,Chinese redbud
1149.jpg,Cercis chinensis,Chinese redbud
1150.jpg,Cercis chinensis,Chinese redbud
1151.jpg,Cercis chinensis,Chinese redbud
1152.jpg,Cercis chinensis,Chinese redbud
1153.jpg,Cercis chinensis,Chinese redbud
1154.jpg,Cercis chinensis,Chinese redbud
1155.jpg,Cercis chinensis,Chinese redbud
1156.jpg,Cercis chinensis,Chinese redbud
1157.jpg,Cercis chinensis,Chinese redbud
1158.jpg,Cercis chinensis,Chinese redbud
1159.jpg,Cercis chinensis,Chinese redbud
1160.jpg,Cercis chinensis,Chinese redbud
1161.jpg,Cercis chinensis,Chinese redbud
1162.jpg,Cercis chinensis,Chinese redbud
1163.jpg,Cercis chinensis,Chinese redbud
1164.jpg,Cercis chinensis,Chinese redbud
1165.jpg,Cercis chinensis,Chinese redbud
1166.jpg,Cercis chinensis,Chinese redbud
1167.jpg,Cercis chinensis,Chinese redbud
1168.jpg,Cercis chinensis,Chinese redbud
1169.jpg,Cercis chinensis,Chinese redbud
1170.jpg,Cercis chinensis,Chinese redbud
1171.jpg,Cercis chinensis,Chinese redbud
1172.jpg,Cercis chinensis,Chinese redbud
1173.jpg,Cercis chinensis,Chinese redbud
1174.jpg,Cercis chinensis,Chinese redbud
1175.jpg,Cercis chinensis,Chinese redbud
1176.jpg,Cercis chinensis,Chinese redbud
1177.jpg,Cercis chinensis,Chinese redbud
1178.jpg,Cercis chinensis,Chinese redbud
1179.jpg,Cercis chinensis,Chinese redbud
1180.jpg,Cercis chinensis,Chinese redbud
1181.jpg,Cercis chinensis,Chinese redbud
1182.jpg,Cercis chinensis,Chinese redbud
1183.jpg,Cercis chinensis,Chinese redbud
1184.jpg,Cercis chinensis,Chinese redbud
1185.jpg,Cercis chinensis,Chinese redbud
1186.jpg,Cercis chinensis,Chinese redbud
1187.jpg,Cercis chinensis,Chinese redbud
1188.jpg,Cercis chinensis,Chinese redbud
1189.jpg,Cercis chinensis,Chinese redbud
1190.jpg,Cercis chinensis,Chinese redbud
1191.jpg,Cercis chinensis,Chinese redbud
1192.jpg,Cercis chinensis,Chinese redbud
1193.jpg,Cercis chinensis,Chinese redbud
1194.jpg,Cercis chinensis,Chinese redbud
1195.jpg,Indigofera tinctoria L.,true indigo
1196.jpg,Indigofera tinctoria L.,true indigo
1197.jpg,Indigofera tinctoria L.,true indigo
1198.jpg,Indigofera tinctoria L.,true indigo
1199.jpg,Indigofera tinctoria L.,true indigo
1200.jpg,Indigofera tinctoria L.,true indigo
1201.jpg,Indigofera tinctoria L.,true indigo
1202.jpg,Indigofera tinctoria L.,true indigo
1203.jpg,Indigofera tinctoria L.,true indigo
1204.jpg,Indigofera tinctoria L.,true indigo
1205.jpg,Indigofera tinctoria L.,true indigo
1206.jpg,Indigofera tinctoria L.,true indigo
1207.jpg,Indigofera tinctoria L.,true indigo
1208.jpg,Indigofera tinctoria L.,true indigo
1209.jpg,Indigofera tinctoria L.,true indigo
1210.jpg,Indigofera tinctoria L.,true indigo
1211.jpg,Indigofera tinctoria L.,true indigo
1212.jpg,Indigofera tinctoria L.,true indigo
1213.jpg,Indigofera tinctoria L.,true indigo
1214.jpg,Indigofera tinctoria L.,true indigo
1215.jpg,Indigofera tinctoria L.,true indigo
1216.jpg,Indigofera tinctoria L.,true indigo
1217.jpg,Indigofera tinctoria L.,true indigo
1218.jpg,Indigofera tinctoria L.,true indigo
1219.jpg,Indigofera tinctoria L.,true indigo
1220.jpg,Indigofera tinctoria L.,true indigo
1221.jpg,Indigofera tinctoria L.,true indigo
1222.jpg,Indigofera tinctoria L.,true indigo
1223.jpg,Indigofera tinctoria L.,true indigo
1224.jpg,Indigofera tinctoria L.,true indigo
1225.jpg,Indigofera tinctoria L.,true indigo
1226.jpg,Indigofera tinctoria L.,true indigo
1227.jpg,Indigofera tinctoria L.,true indigo
1228.jpg,Indigofera tinctoria L.,true indigo
1229.jpg,Indigofera tinctoria L.,true indigo
1230.jpg,Indigofera tinctoria L.,true indigo
1231.jpg,Indigofera tinctoria L.,true indigo
1232.jpg,Indigofera tinctoria L.,true indigo
1233.jpg,Indigofera tinctoria L.,true indigo
1234.jpg,Indigofera tinctoria L.,true indigo
1235.jpg,Indigofera tinctoria L.,true indigo
1236.jpg,Indigofera tinctoria L.,true indigo
1237.jpg,Indigofera tinctoria L.,true indigo
1238.jpg,Indigofera tinctoria L.,true indigo
1239.jpg,Indigofera tinctoria L.,true indigo
1240.jpg,Indigofera tinctoria L.,true indigo
1241.jpg,Indigofera tinctoria L.,true indigo
1242.jpg,Indigofera tinctoria L.,true indigo
1243.jpg,Indigofera tinctoria L.,true indigo
1244.jpg,Indigofera tinctoria L.,true indigo
1245.jpg,Indigofera tinctoria L.,true indigo
1246.jpg,Indigofera tinctoria L.,true indigo
1247.jpg,Indigofera tinctoria L.,true indigo
1248.jpg,Indigofera tinctoria L.,true indigo
1249.jpg,Indigofera tinctoria L.,true indigo
1250.jpg,Indigofera tinctoria L.,true indigo
1251.jpg,Indigofera tinctoria L.,true indigo
1252.jpg,Indigofera tinctoria L.,true indigo
1253.jpg,Indigofera tinctoria L.,true indigo
1254.jpg,Indigofera tinctoria L.,true indigo
1255.jpg,Indigofera tinctoria L.,true indigo
1256.jpg,Indigofera tinctoria L.,true indigo
1257.jpg,Indigofera tinctoria L.,true indigo
1258.jpg,Indigofera tinctoria L.,true indigo
1259.jpg,Indigofera tinctoria L.,true indigo
1260.jpg,Indigofera tinctoria L.,true indigo
1261.jpg,Indigofera tinctoria L.,true indigo
1262.jpg,Indigofera tinctoria L.,true indigo
1263.jpg,Indigofera tinctoria L.,true indigo
1264.jpg,Indigofera tinctoria L.,true indigo
1265.jpg,Indigofera tinctoria L.,true indigo
1266.jpg,Indigofera tinctoria L.,true indigo
1267.jpg,Indigofera tinctoria L.,true indigo
1268.jpg,Acer Palmatum,Japanese maple
1269.jpg,Acer Palmatum,Japanese maple
1270.jpg,Acer Palmatum,Japanese maple
1271.jpg,Acer Palmatum,Japanese maple
1272.jpg,Acer Palmatum,Japanese maple
1273.jpg,Acer Palmatum,Japanese maple
1274.jpg,Acer Palmatum,Japanese maple
1275.jpg,Acer Palmatum,Japanese maple
1276.jpg,Acer Palmatum,Japanese maple
1277.jpg,Acer Palmatum,Japanese maple
1278.jpg,Acer Palmatum,Japanese maple
1279.jpg,Acer Palmatum,Japanese maple
1280.jpg,Acer Palmatum,Japanese maple
1281.jpg,Acer Palmatum,Japanese maple
1282.jpg,Acer Palmatum,Japanese maple
1283.jpg,Acer Palmatum,Japanese maple
1284.jpg,Acer Palmatum,Japanese maple
1285.jpg,Acer Palmatum,Japanese maple
1286.jpg,Acer Palmatum,Japanese maple
1287.jpg,Acer Palmatum,Japanese maple
1288.jpg,Acer Palmatum,Japanese maple
1289.jpg,Acer Palmatum,Japanese maple
1290.jpg,Acer Palmatum,Japanese maple
1291.jpg,Acer Palmatum,Japanese maple
1292.jpg,Acer Palmatum,Japanese maple
1293.jpg,Acer Palmatum,Japanese maple
1294.jpg,Acer Palmatum,Japanese maple
1295.jpg,Acer Palmatum,Japanese maple
1296.jpg,Acer Palmatum,Japanese maple
1297.jpg,Acer Palmatum,Japanese maple
1298.jpg,Acer Palmatum,Japanese maple
1299.jpg,Acer Palmatum,Japanese maple
1300.jpg,Acer Palmatum,Japanese maple
1301.jpg,Acer Palmatum,Japanese maple
1302.jpg,Acer Palmatum,Japanese maple
1303.jpg,Acer Palmatum,Japanese maple
1304.jpg,Acer Palmatum,Japanese maple
1305.jpg,Acer Palmatum,Japanese maple
1306.jpg,Acer Palmatum,Japanese maple
1307.jpg,Acer Palmatum,Japanese maple
1308.jpg,Acer Palmatum,Japanese maple
1309.jpg,Acer Palmatum,Japanese maple
1310.jpg,Acer Palmatum,Japanese maple
1311.jpg,Acer Palmatum,Japanese maple
1312.jpg,Acer Palmatum,Japanese maple
1313.jpg,Acer Palmatum,Japanese maple
1314.jpg,Acer Palmatum,Japanese maple
1315.jpg,Acer Palmatum,Japanese maple
1316.jpg,Acer Palmatum,Japanese maple
1317.jpg,Acer Palmatum,Japanese maple
1318.jpg,Acer Palmatum,Japanese maple
1319.jpg,Acer Palmatum,Japanese maple
1320.jpg,Acer Palmatum,Japanese maple
1321.jpg,Acer Palmatum,Japanese maple
1322.jpg,Acer Palmatum,Japanese maple
1323.jpg,Acer Palmatum,Japanese maple
1324.jpg,Phoebe nanmu (Oliv.) Gamble,Nanmu
1325.jpg,Phoebe nanmu (Oliv.) Gamble,Nanmu
1326.jpg,Phoebe nanmu (Oliv.) Gamble,Nanmu
1327.jpg,Phoebe nanmu (Oliv.) Gamble,Nanmu
1328.jpg,Phoebe nanmu (Oliv.) Gamble,Nanmu
1329.jpg,Phoebe nanmu (Oliv.) Gamble,Nanmu
1330.jpg,Phoebe nanmu (Oliv.) Gamble,Nanmu
1331.jpg,Phoebe nanmu (Oliv.) Gamble,Nanmu
1332.jpg,Phoebe nanmu (Oliv.) Gamble,Nanmu
1333.jpg,Phoebe nanmu (Oliv.) Gamble,Nanmu
1334.jpg,Phoebe nanmu (Oliv.) Gamble,Nanmu
1335.jpg,Phoebe nanmu (Oliv.) Gamble,Nanmu
1336.jpg,Phoebe nanmu (Oliv.) Gamble,Nanmu
1337.jpg,Phoebe nanmu (Oliv.) Gamble,Nanmu
1338.jpg,Phoebe nanmu (Oliv.) Gamble,Nanmu
1339.jpg,Phoebe nanmu (Oliv.) Gamble,Nanmu
1340.jpg,Phoebe nanmu (Oliv.) Gamble,Nanmu
1341.jpg,Phoebe nanmu (Oliv.) Gamble,Nanmu
1342.jpg,Phoebe nanmu (Oliv.) Gamble,Nanmu
1343.jpg,Phoebe nanmu (Oliv.) Gamble,Nanmu
1344.jpg,Phoebe nanmu (Oliv.) Gamble,Nanmu
1345.jpg,Phoebe nanmu (Oliv.) Gamble,Nanmu
1346.jpg,Phoebe nanmu (Oliv.) Gamble,Nanmu
1347.jpg,Phoebe nanmu (Oliv.) Gamble,Nanmu
1348.jpg,Phoebe nanmu (Oliv.) Gamble,Nanmu
1349.jpg,Phoebe nanmu (Oliv.) Gamble,Nanmu
1350.jpg,Phoebe nanmu (Oliv.) Gamble,Nanmu
1351.jpg,Phoebe nanmu (Oliv.) Gamble,Nanmu
1352.jpg,Phoebe nanmu (Oliv.) Gamble,Nanmu
1353.jpg,Phoebe nanmu (Oliv.) Gamble,Nanmu
1354.jpg,Phoebe nanmu (Oliv.) Gamble,Nanmu
1355.jpg,Phoebe nanmu (Oliv.) Gamble,Nanmu
1356.jpg,Phoebe nanmu (Oliv.) Gamble,Nanmu
1357.jpg,Phoebe nanmu (Oliv.) Gamble,Nanmu
1358.jpg,Phoebe nanmu (Oliv.) Gamble,Nanmu
1359.jpg,Phoebe nanmu (Oliv.) Gamble,Nanmu
1360.jpg,Phoebe nanmu (Oliv.) Gamble,Nanmu
1361.jpg,Phoebe nanmu (Oliv.) Gamble,Nanmu
1362.jpg,Phoebe nanmu (Oliv.) Gamble,Nanmu
1363.jpg,Phoebe nanmu (Oliv.) Gamble,Nanmu
1364.jpg,Phoebe nanmu (Oliv.) Gamble,Nanmu
1365.jpg,Phoebe nanmu (Oliv.) Gamble,Nanmu
1366.jpg,Phoebe nanmu (Oliv.) Gamble,Nanmu
1367.jpg,Phoebe nanmu (Oliv.) Gamble,Nanmu
1368.jpg,Phoebe nanmu (Oliv.) Gamble,Nanmu
1369.jpg,Phoebe nanmu (Oliv.) Gamble,Nanmu
1370.jpg,Phoebe nanmu (Oliv.) Gamble,Nanmu
1371.jpg,Phoebe nanmu (Oliv.) Gamble,Nanmu
1372.jpg,Phoebe nanmu (Oliv.) Gamble,Nanmu
1373.jpg,Phoebe nanmu (Oliv.) Gamble,Nanmu
1374.jpg,Phoebe nanmu (Oliv.) Gamble,Nanmu
1375.jpg,Phoebe nanmu (Oliv.) Gamble,Nanmu
1376.jpg,Phoebe nanmu (Oliv.) Gamble,Nanmu
1377.jpg,Phoebe nanmu (Oliv.) Gamble,Nanmu
1378.jpg,Phoebe nanmu (Oliv.) Gamble,Nanmu
1379.jpg,Phoebe nanmu (Oliv.) Gamble,Nanmu
1380.jpg,Phoebe nanmu (Oliv.) Gamble,Nanmu
1381.jpg,Phoebe nanmu (Oliv.) Gamble,Nanmu
1382.jpg,Phoebe nanmu (Oliv.) Gamble,Nanmu
1383.jpg,Phoebe nanmu (Oliv.) Gamble,Nanmu
1384.jpg,Phoebe nanmu (Oliv.) Gamble,Nanmu
1385.jpg,Phoebe nanmu (Oliv.) Gamble,Nanmu
1386.jpg,Kalopanax septemlobus (Thunb. ex A.Murr.) Koidz.,castor aralia
1387.jpg,Kalopanax septemlobus (Thunb. ex A.Murr.) Koidz.,castor aralia
1388.jpg,Kalopanax septemlobus (Thunb. ex A.Murr.) Koidz.,castor aralia
1389.jpg,Kalopanax septemlobus (Thunb. ex A.Murr.) Koidz.,castor aralia
1390.jpg,Kalopanax septemlobus (Thunb. ex A.Murr.) Koidz.,castor aralia
1391.jpg,Kalopanax septemlobus (Thunb. ex A.Murr.) Koidz.,castor aralia
1392.jpg,Kalopanax septemlobus (Thunb. ex A.Murr.) Koidz.,castor aralia
1393.jpg,Kalopanax septemlobus (Thunb. ex A.Murr.) Koidz.,castor aralia
1394.jpg,Kalopanax septemlobus (Thunb. ex A.Murr.) Koidz.,castor aralia
1395.jpg,Kalopanax septemlobus (Thunb. ex A.Murr.) Koidz.,castor aralia
1396.jpg,Kalopanax septemlobus (Thunb. ex A.Murr.) Koidz.,castor aralia
1397.jpg,Kalopanax septemlobus (Thunb. ex A.Murr.) Koidz.,castor aralia
1398.jpg,Kalopanax septemlobus (Thunb. ex A.Murr.) Koidz.,castor aralia
1399.jpg,Kalopanax septemlobus (Thunb. ex A.Murr.) Koidz.,castor aralia
1400.jpg,Kalopanax septemlobus (Thunb. ex A.Murr.) Koidz.,castor aralia
1401.jpg,Kalopanax septemlobus (Thunb. ex A.Murr.) Koidz.,castor aralia
1402.jpg,Kalopanax septemlobus (Thunb. ex A.Murr.) Koidz.,castor aralia
1403.jpg,Kalopanax septemlobus (Thunb. ex A.Murr.) Koidz.,castor aralia
1404.jpg,Kalopanax septemlobus (Thunb. ex A.Murr.) Koidz.,castor aralia
1405.jpg,Kalopanax septemlobus (Thunb. ex A.Murr.) Koidz.,castor aralia
1406.jpg,Kalopanax septemlobus (Thunb. ex A.Murr.) Koidz.,castor aralia
1407.jpg,Kalopanax septemlobus (Thunb. ex A.Murr.) Koidz.,castor aralia
1408.jpg,Kalopanax septemlobus (Thunb. ex A.Murr.) Koidz.,castor aralia
1409.jpg,Kalopanax septemlobus (Thunb. ex A.Murr.) Koidz.,castor aralia
1410.jpg,Kalopanax septemlobus (Thunb. ex A.Murr.) Koidz.,castor aralia
1411.jpg,Kalopanax septemlobus (Thunb. ex A.Murr.) Koidz.,castor aralia
1412.jpg,Kalopanax septemlobus (Thunb. ex A.Murr.) Koidz.,castor aralia
1413.jpg,Kalopanax septemlobus (Thunb. ex A.Murr.) Koidz.,castor aralia
1414.jpg,Kalopanax septemlobus (Thunb. ex A.Murr.) Koidz.,castor aralia
1415.jpg,Kalopanax septemlobus (Thunb. ex A.Murr.) Koidz.,castor aralia
1416.jpg,Kalopanax septemlobus (Thunb. ex A.Murr.) Koidz.,castor aralia
1417.jpg,Kalopanax septemlobus (Thunb. ex A.Murr.) Koidz.,castor aralia
1418.jpg,Kalopanax septemlobus (Thunb. ex A.Murr.) Koidz.,castor aralia
1419.jpg,Kalopanax septemlobus (Thunb. ex A.Murr.) Koidz.,castor aralia
1420.jpg,Kalopanax septemlobus (Thunb. ex A.Murr.) Koidz.,castor aralia
1421.jpg,Kalopanax septemlobus (Thunb. ex A.Murr.) Koidz.,castor aralia
1422.jpg,Kalopanax septemlobus (Thunb. ex A.Murr.) Koidz.,castor aralia
1423.jpg,Kalopanax septemlobus (Thunb. ex A.Murr.) Koidz.,castor aralia
1424.jpg,Kalopanax septemlobus (Thunb. ex A.Murr.) Koidz.,castor aralia
1425.jpg,Kalopanax septemlobus (Thunb. ex A.Murr.) Koidz.,castor aralia
1426.jpg,Kalopanax septemlobus (Thunb. ex A.Murr.) Koidz.,castor aralia
1427.jpg,Kalopanax septemlobus (Thunb. ex A.Murr.) Koidz.,castor aralia
1428.jpg,Kalopanax septemlobus (Thunb. ex A.Murr.) Koidz.,castor aralia
1429.jpg,Kalopanax septemlobus (Thunb. ex A.Murr.) Koidz.,castor aralia
1430.jpg,Kalopanax septemlobus (Thunb. ex A.Murr.) Koidz.,castor aralia
1431.jpg,Kalopanax septemlobus (Thunb. ex A.Murr.) Koidz.,castor aralia
1432.jpg,Kalopanax septemlobus (Thunb. ex A.Murr.) Koidz.,castor aralia
1433.jpg,Kalopanax septemlobus (Thunb. ex A.Murr.) Koidz.,castor aralia
1434.jpg,Kalopanax septemlobus (Thunb. ex A.Murr.) Koidz.,castor aralia
1435.jpg,Kalopanax septemlobus (Thunb. ex A.Murr.) Koidz.,castor aralia
1436.jpg,Kalopanax septemlobus (Thunb. ex A.Murr.) Koidz.,castor aralia
1437.jpg,Kalopanax septemlobus (Thunb. ex A.Murr.) Koidz.,castor aralia
1438.jpg,Koelreuteria paniculata Laxm.,goldenrain tree
1439.jpg,Koelreuteria paniculata Laxm.,goldenrain tree
1440.jpg,Koelreuteria paniculata Laxm.,goldenrain tree
1441.jpg,Koelreuteria paniculata Laxm.,goldenrain tree
1442.jpg,Koelreuteria paniculata Laxm.,goldenrain tree
1443.jpg,Koelreuteria paniculata Laxm.,goldenrain tree
1444.jpg,Koelreuteria paniculata Laxm.,goldenrain tree
1445.jpg,Koelreuteria paniculata Laxm.,goldenrain tree
1446.jpg,Koelreuteria paniculata Laxm.,goldenrain tree
1447.jpg,Koelreuteria paniculata Laxm.,goldenrain tree
1448.jpg,Koelreuteria paniculata Laxm.,goldenrain tree
1449.jpg,Koelreuteria paniculata Laxm.,goldenrain tree
1450.jpg,Koelreuteria paniculata Laxm.,goldenrain tree
1451.jpg,Koelreuteria paniculata Laxm.,goldenrain tree
1452.jpg,Koelreuteria paniculata Laxm.,goldenrain tree
1453.jpg,Koelreuteria paniculata Laxm.,goldenrain tree
1454.jpg,Koelreuteria paniculata Laxm.,goldenrain tree
1455.jpg,Koelreuteria paniculata Laxm.,goldenrain tree
1456.jpg,Koelreuteria paniculata Laxm.,goldenrain tree
1457.jpg,Koelreuteria paniculata Laxm.,goldenrain tree
1458.jpg,Koelreuteria paniculata Laxm.,goldenrain tree
1459.jpg,Koelreuteria paniculata Laxm.,goldenrain tree
1460.jpg,Koelreuteria paniculata Laxm.,goldenrain tree
1461.jpg,Koelreuteria paniculata Laxm.,goldenrain tree
1462.jpg,Koelreuteria paniculata Laxm.,goldenrain tree
1463.jpg,Koelreuteria paniculata Laxm.,goldenrain tree
1464.jpg,Koelreuteria paniculata Laxm.,goldenrain tree
1465.jpg,Koelreuteria paniculata Laxm.,goldenrain tree
1466.jpg,Koelreuteria paniculata Laxm.,goldenrain tree
1467.jpg,Koelreuteria paniculata Laxm.,goldenrain tree
1468.jpg,Koelreuteria paniculata Laxm.,goldenrain tree
1469.jpg,Koelreuteria paniculata Laxm.,goldenrain tree
1470.jpg,Koelreuteria paniculata Laxm.,goldenrain tree
1471.jpg,Koelreuteria paniculata Laxm.,goldenrain tree
1472.jpg,Koelreuteria paniculata Laxm.,goldenrain tree
1473.jpg,Koelreuteria paniculata Laxm.,goldenrain tree
1474.jpg,Koelreuteria paniculata Laxm.,goldenrain tree
1475.jpg,Koelreuteria paniculata Laxm.,goldenrain tree
1476.jpg,Koelreuteria paniculata Laxm.,goldenrain tree
1477.jpg,Koelreuteria paniculata Laxm.,goldenrain tree
1478.jpg,Koelreuteria paniculata Laxm.,goldenrain tree
1479.jpg,Koelreuteria paniculata Laxm.,goldenrain tree
1480.jpg,Koelreuteria paniculata Laxm.,goldenrain tree
1481.jpg,Koelreuteria paniculata Laxm.,goldenrain tree
1482.jpg,Koelreuteria paniculata Laxm.,goldenrain tree
1483.jpg,Koelreuteria paniculata Laxm.,goldenrain tree
1484.jpg,Koelreuteria paniculata Laxm.,goldenrain tree
1485.jpg,Koelreuteria paniculata Laxm.,goldenrain tree
1486.jpg,Koelreuteria paniculata Laxm.,goldenrain tree
1487.jpg,Koelreuteria paniculata Laxm.,goldenrain tree
1488.jpg,Koelreuteria paniculata Laxm.,goldenrain tree
1489.jpg,Koelreuteria paniculata Laxm.,goldenrain tree
1490.jpg,Koelreuteria paniculata Laxm.,goldenrain tree
1491.jpg,Koelreuteria paniculata Laxm.,goldenrain tree
1492.jpg,Koelreuteria paniculata Laxm.,goldenrain tree
1493.jpg,Koelreuteria paniculata Laxm.,goldenrain tree
1494.jpg,Koelreuteria paniculata Laxm.,goldenrain tree
1495.jpg,Koelreuteria paniculata Laxm.,goldenrain tree
1496.jpg,Koelreuteria paniculata Laxm.,goldenrain tree
1497.jpg,Cinnamomum japonicum Sieb.,Chinese cinnamon
1498.jpg,Cinnamomum japonicum Sieb.,Chinese cinnamon
1499.jpg,Cinnamomum japonicum Sieb.,Chinese cinnamon
1500.jpg,Cinnamomum japonicum Sieb.,Chinese cinnamon
1501.jpg,Cinnamomum japonicum Sieb.,Chinese cinnamon
1502.jpg,Cinnamomum japonicum Sieb.,Chinese cinnamon
1503.jpg,Cinnamomum japonicum Sieb.,Chinese cinnamon
1504.jpg,Cinnamomum japonicum Sieb.,Chinese cinnamon
1505.jpg,Cinnamomum japonicum Sieb.,Chinese cinnamon
1506.jpg,Cinnamomum japonicum Sieb.,Chinese cinnamon
1507.jpg,Cinnamomum japonicum Sieb.,Chinese cinnamon
1508.jpg,Cinnamomum japonicum Sieb.,Chinese cinnamon
1509.jpg,Cinnamomum japonicum Sieb.,Chinese cinnamon
1510.jpg,Cinnamomum japonicum Sieb.,Chinese cinnamon
1511.jpg,Cinnamomum japonicum Sieb.,Chinese cinnamon
1512.jpg,Cinnamomum japonicum Sieb.,Chinese cinnamon
1513.jpg,Cinnamomum japonicum Sieb.,Chinese cinnamon
1514.jpg,Cinnamomum japonicum Sieb.,Chinese cinnamon
1515.jpg,Cinnamomum japonicum Sieb.,Chinese cinnamon
1516.jpg,Cinnamomum japonicum Sieb.,Chinese cinnamon
1517.jpg,Cinnamomum japonicum Sieb.,Chinese cinnamon
1518.jpg,Cinnamomum japonicum Sieb.,Chinese cinnamon
1519.jpg,Cinnamomum japonicum Sieb.,Chinese cinnamon
1520.jpg,Cinnamomum japonicum Sieb.,Chinese cinnamon
1521.jpg,Cinnamomum japonicum Sieb.,Chinese cinnamon
1522.jpg,Cinnamomum japonicum Sieb.,Chinese cinnamon
1523.jpg,Cinnamomum japonicum Sieb.,Chinese cinnamon
1524.jpg,Cinnamomum japonicum Sieb.,Chinese cinnamon
1525.jpg,Cinnamomum japonicum Sieb.,Chinese cinnamon
1526.jpg,Cinnamomum japonicum Sieb.,Chinese cinnamon
1527.jpg,Cinnamomum japonicum Sieb.,Chinese cinnamon
1528.jpg,Cinnamomum japonicum Sieb.,Chinese cinnamon
1529.jpg,Cinnamomum japonicum Sieb.,Chinese cinnamon
1530.jpg,Cinnamomum japonicum Sieb.,Chinese cinnamon
1531.jpg,Cinnamomum japonicum Sieb.,Chinese cinnamon
1532.jpg,Cinnamomum japonicum Sieb.,Chinese cinnamon
1533.jpg,Cinnamomum japonicum Sieb.,Chinese cinnamon
1534.jpg,Cinnamomum japonicum Sieb.,Chinese cinnamon
1535.jpg,Cinnamomum japonicum Sieb.,Chinese cinnamon
1536.jpg,Cinnamomum japonicum Sieb.,Chinese cinnamon
1537.jpg,Cinnamomum japonicum Sieb.,Chinese cinnamon
1538.jpg,Cinnamomum japonicum Sieb.,Chinese cinnamon
1539.jpg,Cinnamomum japonicum Sieb.,Chinese cinnamon
1540.jpg,Cinnamomum japonicum Sieb.,Chinese cinnamon
1541.jpg,Cinnamomum japonicum Sieb.,Chinese cinnamon
1542.jpg,Cinnamomum japonicum Sieb.,Chinese cinnamon
1543.jpg,Cinnamomum japonicum Sieb.,Chinese cinnamon
1544.jpg,Cinnamomum japonicum Sieb.,Chinese cinnamon
1545.jpg,Cinnamomum japonicum Sieb.,Chinese cinnamon
1546.jpg,Cinnamomum japonicum Sieb.,Chinese cinnamon
1547.jpg,Cinnamomum japonicum Sieb.,Chinese cinnamon
1548.jpg,Cinnamomum japonicum Sieb.,Chinese cinnamon
1549.jpg,Cinnamomum japonicum Sieb.,Chinese cinnamon
1550.jpg,Cinnamomum japonicum Sieb.,Chinese cinnamon
1551.jpg,Cinnamomum japonicum Sieb.,Chinese cinnamon
1552.jpg,Berberis anhweiensis Ahrendt,Anhui Barberry
1553.jpg,Berberis anhweiensis Ahrendt,Anhui Barberry
1554.jpg,Berberis anhweiensis Ahrendt,Anhui Barberry
1555.jpg,Berberis anhweiensis Ahrendt,Anhui Barberry
1556.jpg,Berberis anhweiensis Ahrendt,Anhui Barberry
1557.jpg,Berberis anhweiensis Ahrendt,Anhui Barberry
1558.jpg,Berberis anhweiensis Ahrendt,Anhui Barberry
1559.jpg,Berberis anhweiensis Ahrendt,Anhui Barberry
1560.jpg,Berberis anhweiensis Ahrendt,Anhui Barberry
1561.jpg,Berberis anhweiensis Ahrendt,Anhui Barberry
1562.jpg,Berberis anhweiensis Ahrendt,Anhui Barberry
1563.jpg,Berberis anhweiensis Ahrendt,Anhui Barberry
1564.jpg,Berberis anhweiensis Ahrendt,Anhui Barberry
1565.jpg,Berberis anhweiensis Ahrendt,Anhui Barberry
1566.jpg,Berberis anhweiensis Ahrendt,Anhui Barberry
1567.jpg,Berberis anhweiensis Ahrendt,Anhui Barberry
1568.jpg,Berberis anhweiensis Ahrendt,Anhui Barberry
1569.jpg,Berberis anhweiensis Ahrendt,Anhui Barberry
1570.jpg,Berberis anhweiensis Ahrendt,Anhui Barberry
1571.jpg,Berberis anhweiensis Ahrendt,Anhui Barberry
1572.jpg,Berberis anhweiensis Ahrendt,Anhui Barberry
1573.jpg,Berberis anhweiensis Ahrendt,Anhui Barberry
1574.jpg,Berberis anhweiensis Ahrendt,Anhui Barberry
1575.jpg,Berberis anhweiensis Ahrendt,Anhui Barberry
1576.jpg,Berberis anhweiensis Ahrendt,Anhui Barberry
1577.jpg,Berberis anhweiensis Ahrendt,Anhui Barberry
1578.jpg,Berberis anhweiensis Ahrendt,Anhui Barberry
1579.jpg,Berberis anhweiensis Ahrendt,Anhui Barberry
1580.jpg,Berberis anhweiensis Ahrendt,Anhui Barberry
1581.jpg,Berberis anhweiensis Ahrendt,Anhui Barberry
1582.jpg,Berberis anhweiensis Ahrendt,Anhui Barberry
1583.jpg,Berberis anhweiensis Ahrendt,Anhui Barberry
1584.jpg,Berberis anhweiensis Ahrendt,Anhui Barberry
1585.jpg,Berberis anhweiensis Ahrendt,Anhui Barberry
1586.jpg,Berberis anhweiensis Ahrendt,Anhui Barberry
1587.jpg,Berberis anhweiensis Ahrendt,Anhui Barberry
1588.jpg,Berberis anhweiensis Ahrendt,Anhui Barberry
1589.jpg,Berberis anhweiensis Ahrendt,Anhui Barberry
1590.jpg,Berberis anhweiensis Ahrendt,Anhui Barberry
1591.jpg,Berberis anhweiensis Ahrendt,Anhui Barberry
1592.jpg,Berberis anhweiensis Ahrendt,Anhui Barberry
1593.jpg,Berberis anhweiensis Ahrendt,Anhui Barberry
1594.jpg,Berberis anhweiensis Ahrendt,Anhui Barberry
1595.jpg,Berberis anhweiensis Ahrendt,Anhui Barberry
1596.jpg,Berberis anhweiensis Ahrendt,Anhui Barberry
1597.jpg,Berberis anhweiensis Ahrendt,Anhui Barberry
1598.jpg,Berberis anhweiensis Ahrendt,Anhui Barberry
1599.jpg,Berberis anhweiensis Ahrendt,Anhui Barberry
1600.jpg,Berberis anhweiensis Ahrendt,Anhui Barberry
1601.jpg,Berberis anhweiensis Ahrendt,Anhui Barberry
1602.jpg,Berberis anhweiensis Ahrendt,Anhui Barberry
1603.jpg,Berberis anhweiensis Ahrendt,Anhui Barberry
1604.jpg,Berberis anhweiensis Ahrendt,Anhui Barberry
1605.jpg,Berberis anhweiensis Ahrendt,Anhui Barberry
1606.jpg,Berberis anhweiensis Ahrendt,Anhui Barberry
1607.jpg,Berberis anhweiensis Ahrendt,Anhui Barberry
1608.jpg,Berberis anhweiensis Ahrendt,Anhui Barberry
1609.jpg,Berberis anhweiensis Ahrendt,Anhui Barberry
1610.jpg,Berberis anhweiensis Ahrendt,Anhui Barberry
1611.jpg,Berberis anhweiensis Ahrendt,Anhui Barberry
1612.jpg,Berberis anhweiensis Ahrendt,Anhui Barberry
1613.jpg,Berberis anhweiensis Ahrendt,Anhui Barberry
1614.jpg,Berberis anhweiensis Ahrendt,Anhui Barberry
1615.jpg,Berberis anhweiensis Ahrendt,Anhui Barberry
1616.jpg,Berberis anhweiensis Ahrendt,Anhui Barberry
2001.jpg,Ilex macrocarpa Oliv.,Big-fruited Holly
2002.jpg,Ilex macrocarpa Oliv.,Big-fruited Holly
2003.jpg,Ilex macrocarpa Oliv.,Big-fruited Holly
2004.jpg,Ilex macrocarpa Oliv.,Big-fruited Holly
2005.jpg,Ilex macrocarpa Oliv.,Big-fruited Holly
2006.jpg,Ilex macrocarpa Oliv.,Big-fruited Holly
2007.jpg,Ilex macrocarpa Oliv.,Big-fruited Holly
2008.jpg,Ilex macrocarpa Oliv.,Big-fruited Holly
2009.jpg,Ilex macrocarpa Oliv.,Big-fruited Holly
2010.jpg,Ilex macrocarpa Oliv.,Big-fruited Holly
2011.jpg,Ilex macrocarpa Oliv.,Big-fruited Holly
2012.jpg,Ilex macrocarpa Oliv.,Big-fruited Holly
2013.jpg,Ilex macrocarpa Oliv.,Big-fruited Holly
2014.jpg,Ilex macrocarpa Oliv.,Big-fruited Holly
2015.jpg,Ilex macrocarpa Oliv.,Big-fruited Holly
2016.jpg,Ilex macrocarpa Oliv.,Big-fruited Holly
2017.jpg,Ilex macrocarpa Oliv.,Big-fruited Holly
2018.jpg,Ilex macrocarpa Oliv.,Big-fruited Holly
2019.jpg,Ilex macrocarpa Oliv.,Big-fruited Holly
2020.jpg,Ilex macrocarpa Oliv.,Big-fruited Holly
2021.jpg,Ilex macrocarpa Oliv.,Big-fruited Holly
2022.jpg,Ilex macrocarpa Oliv.,Big-fruited Holly
2023.jpg,Ilex macrocarpa Oliv.,Big-fruited Holly
2024.jpg,Ilex macrocarpa Oliv.,Big-fruited Holly
2025.jpg,Ilex macrocarpa Oliv.,Big-fruited Holly
2026.jpg,Ilex macrocarpa Oliv.,Big-fruited Holly
2027.jpg,Ilex macrocarpa Oliv.,Big-fruited Holly
2028.jpg,Ilex macrocarpa Oliv.,Big-fruited Holly
2029.jpg,Ilex macrocarpa Oliv.,Big-fruited Holly
2030.jpg,Ilex macrocarpa Oliv.,Big-fruited Holly
2031.jpg,Ilex macrocarpa Oliv.,Big-fruited Holly
2032.jpg,Ilex macrocarpa Oliv.,Big-fruited Holly
2033.jpg,Ilex macrocarpa Oliv.,Big-fruited Holly
2034.jpg,Ilex macrocarpa Oliv.,Big-fruited Holly
2035.jpg,Ilex macrocarpa Oliv.,Big-fruited Holly
2036.jpg,Ilex macrocarpa Oliv.,Big-fruited Holly
2037.jpg,Ilex macrocarpa Oliv.,Big-fruited Holly
2038.jpg,Ilex macrocarpa Oliv.,Big-fruited Holly
2039.jpg,Ilex macrocarpa Oliv.,Big-fruited Holly
2040.jpg,Ilex macrocarpa Oliv.,Big-fruited Holly
2041.jpg,Ilex macrocarpa Oliv.,Big-fruited Holly
2042.jpg,Ilex macrocarpa Oliv.,Big-fruited Holly
2043.jpg,Ilex macrocarpa Oliv.,Big-fruited Holly
2044.jpg,Ilex macrocarpa Oliv.,Big-fruited Holly
2045.jpg,Ilex macrocarpa Oliv.,Big-fruited Holly
2046.jpg,Ilex macrocarpa Oliv.,Big-fruited Holly
2047.jpg,Ilex macrocarpa Oliv.,Big-fruited Holly
2048.jpg,Ilex macrocarpa Oliv.,Big-fruited Holly
2049.jpg,Ilex macrocarpa Oliv.,Big-fruited Holly
2050.jpg,Ilex macrocarpa Oliv.,Big-fruited Holly
2051.jpg,Pittosporum tobira (Thunb.) Ait. f.,Japanese cheesewood
2052.jpg,Pittosporum tobira (Thunb.) Ait. f.,Japanese cheesewood
2053.jpg,Pittosporum tobira (Thunb.) Ait. f.,Japanese cheesewood
2054.jpg,Pittosporum tobira (Thunb.) Ait. f.,Japanese cheesewood
2055.jpg,Pittosporum tobira (Thunb.) Ait. f.,Japanese cheesewood
2056.jpg,Pittosporum tobira (Thunb.) Ait. f.,Japanese cheesewood
2057.jpg,Pittosporum tobira (Thunb.) Ait. f.,Japanese cheesewood
2058.jpg,Pittosporum tobira (Thunb.) Ait. f.,Japanese cheesewood
2059.jpg,Pittosporum tobira (Thunb.) Ait. f.,Japanese cheesewood
2060.jpg,Pittosporum tobira (Thunb.) Ait. f.,Japanese cheesewood
2061.jpg,Pittosporum tobira (Thunb.) Ait. f.,Japanese cheesewood
2062.jpg,Pittosporum tobira (Thunb.) Ait. f.,Japanese cheesewood
2063.jpg,Pittosporum tobira (Thunb.) Ait. f.,Japanese cheesewood
2064.jpg,Pittosporum tobira (Thunb.) Ait. f.,Japanese cheesewood
2065.jpg,Pittosporum tobira (Thunb.) Ait. f.,Japanese cheesewood
2066.jpg,Pittosporum tobira (Thunb.) Ait. f.,Japanese cheesewood
2067.jpg,Pittosporum tobira (Thunb.) Ait. f.,Japanese cheesewood
2068.jpg,Pittosporum tobira (Thunb.) Ait. f.,Japanese cheesewood
2069.jpg,Pittosporum tobira (Thunb.) Ait. f.,Japanese cheesewood
2070.jpg,Pittosporum tobira (Thunb.) Ait. f.,Japanese cheesewood
2071.jpg,Pittosporum tobira (Thunb.) Ait. f.,Japanese cheesewood
2072.jpg,Pittosporum tobira (Thunb.) Ait. f.,Japanese cheesewood
2073.jpg,Pittosporum tobira (Thunb.) Ait. f.,Japanese cheesewood
2074.jpg,Pittosporum tobira (Thunb.) Ait. f.,Japanese cheesewood
2075.jpg,Pittosporum tobira (Thunb.) Ait. f.,Japanese cheesewood
2076.jpg,Pittosporum tobira (Thunb.) Ait. f.,Japanese cheesewood
2077.jpg,Pittosporum tobira (Thunb.) Ait. f.,Japanese cheesewood
2078.jpg,Pittosporum tobira (Thunb.) Ait. f.,Japanese cheesewood
2079.jpg,Pittosporum tobira (Thunb.) Ait. f.,Japanese cheesewood
2080.jpg,Pittosporum tobira (Thunb.) Ait. f.,Japanese cheesewood
2081.jpg,Pittosporum tobira (Thunb.) Ait. f.,Japanese cheesewood
2082.jpg,Pittosporum tobira (Thunb.) Ait. f.,Japanese cheesewood
2083.jpg,Pittosporum tobira (Thunb.) Ait. f.,Japanese cheesewood
2084.jpg,Pittosporum tobira (Thunb.) Ait. f.,Japanese cheesewood
2085.jpg,Pittosporum tobira (Thunb.) Ait. f.,Japanese cheesewood
2086.jpg,Pittosporum tobira (Thunb.) Ait. f.,Japanese cheesewood
2087.jpg,Pittosporum tobira (Thunb.) Ait. f.,Japanese cheesewood
2088.jpg,Pittosporum tobira (Thunb.) Ait. f.,Japanese cheesewood
2089.jpg,Pittosporum tobira (Thunb.) Ait. f.,Japanese cheesewood
2090.jpg,Pittosporum tobira (Thunb.) Ait. f.,Japanese cheesewood
2091.jpg,Pittosporum tobira (Thunb.) Ait. f.,Japanese cheesewood
2092.jpg,Pittosporum tobira (Thunb.) Ait. f.,Japanese cheesewood
2093.jpg,Pittosporum tobira (Thunb.) Ait. f.,Japanese cheesewood
2094.jpg,Pittosporum tobira (Thunb.) Ait. f.,Japanese cheesewood
2095.jpg,Pittosporum tobira (Thunb.) Ait. f.,Japanese cheesewood
2096.jpg,Pittosporum tobira (Thunb.) Ait. f.,Japanese cheesewood
2097.jpg,Pittosporum tobira (Thunb.) Ait. f.,Japanese cheesewood
2098.jpg,Pittosporum tobira (Thunb.) Ait. f.,Japanese cheesewood
2099.jpg,Pittosporum tobira (Thunb.) Ait. f.,Japanese cheesewood
2100.jpg,Pittosporum tobira (Thunb.) Ait. f.,Japanese cheesewood
2101.jpg,Pittosporum tobira (Thunb.) Ait. f.,Japanese cheesewood
2102.jpg,Pittosporum tobira (Thunb.) Ait. f.,Japanese cheesewood
2103.jpg,Pittosporum tobira (Thunb.) Ait. f.,Japanese cheesewood
2104.jpg,Pittosporum tobira (Thunb.) Ait. f.,Japanese cheesewood
2105.jpg,Pittosporum tobira (Thunb.) Ait. f.,Japanese cheesewood
2106.jpg,Pittosporum tobira (Thunb.) Ait. f.,Japanese cheesewood
2107.jpg,Pittosporum tobira (Thunb.) Ait. f.,Japanese cheesewood
2108.jpg,Pittosporum tobira (Thunb.) Ait. f.,Japanese cheesewood
2109.jpg,Pittosporum tobira (Thunb.) Ait. f.,Japanese cheesewood
2110.jpg,Pittosporum tobira (Thunb.) Ait. f.,Japanese cheesewood
2111.jpg,Pittosporum tobira (Thunb.) Ait. f.,Japanese cheesewood
2112.jpg,Pittosporum tobira (Thunb.) Ait. f.,Japanese cheesewood
2113.jpg,Pittosporum tobira (Thunb.) Ait. f.,Japanese cheesewood
2114.jpg,Chimonanthus praecox L.,wintersweet
2115.jpg,Chimonanthus praecox L.,wintersweet
2116.jpg,Chimonanthus praecox L.,wintersweet
2117.jpg,Chimonanthus praecox L.,wintersweet
2118.jpg,Chimonanthus praecox L.,wintersweet
2119.jpg,Chimonanthus praecox L.,wintersweet
2120.jpg,Chimonanthus praecox L.,wintersweet
2121.jpg,Chimonanthus praecox L.,wintersweet
2122.jpg,Chimonanthus praecox L.,wintersweet
2123.jpg,Chimonanthus praecox L.,wintersweet
2124.jpg,Chimonanthus praecox L.,wintersweet
2125.jpg,Chimonanthus praecox L.,wintersweet
2126.jpg,Chimonanthus praecox L.,wintersweet
2127.jpg,Chimonanthus praecox L.,wintersweet
2128.jpg,Chimonanthus praecox L.,wintersweet
2129.jpg,Chimonanthus praecox L.,wintersweet
2130.jpg,Chimonanthus praecox L.,wintersweet
2131.jpg,Chimonanthus praecox L.,wintersweet
2132.jpg,Chimonanthus praecox L.,wintersweet
2133.jpg,Chimonanthus praecox L.,wintersweet
2134.jpg,Chimonanthus praecox L.,wintersweet
2135.jpg,Chimonanthus praecox L.,wintersweet
2136.jpg,Chimonanthus praecox L.,wintersweet
2137.jpg,Chimonanthus praecox L.,wintersweet
2138.jpg,Chimonanthus praecox L.,wintersweet
2139.jpg,Chimonanthus praecox L.,wintersweet
2140.jpg,Chimonanthus praecox L.,wintersweet
2141.jpg,Chimonanthus praecox L.,wintersweet
2142.jpg,Chimonanthus praecox L.,wintersweet
2143.jpg,Chimonanthus praecox L.,wintersweet
2144.jpg,Chimonanthus praecox L.,wintersweet
2145.jpg,Chimonanthus praecox L.,wintersweet
2146.jpg,Chimonanthus praecox L.,wintersweet
2147.jpg,Chimonanthus praecox L.,wintersweet
2148.jpg,Chimonanthus praecox L.,wintersweet
2149.jpg,Chimonanthus praecox L.,wintersweet
2150.jpg,Chimonanthus praecox L.,wintersweet
2151.jpg,Chimonanthus praecox L.,wintersweet
2152.jpg,Chimonanthus praecox L.,wintersweet
2153.jpg,Chimonanthus praecox L.,wintersweet
2154.jpg,Chimonanthus praecox L.,wintersweet
2155.jpg,Chimonanthus praecox L.,wintersweet
2156.jpg,Chimonanthus praecox L.,wintersweet
2157.jpg,Chimonanthus praecox L.,wintersweet
2158.jpg,Chimonanthus praecox L.,wintersweet
2159.jpg,Chimonanthus praecox L.,wintersweet
2160.jpg,Chimonanthus praecox L.,wintersweet
2161.jpg,Chimonanthus praecox L.,wintersweet
2162.jpg,Chimonanthus praecox L.,wintersweet
2163.jpg,Chimonanthus praecox L.,wintersweet
2164.jpg,Chimonanthus praecox L.,wintersweet
2165.jpg,Chimonanthus praecox L.,wintersweet
2166.jpg,Cinnamomum camphora (L.) J. Presl,camphortree
2167.jpg,Cinnamomum camphora (L.) J. Presl,camphortree
2168.jpg,Cinnamomum camphora (L.) J. Presl,camphortree
2169.jpg,Cinnamomum camphora (L.) J. Presl,camphortree
2170.jpg,Cinnamomum camphora (L.) J. Presl,camphortree
2171.jpg,Cinnamomum camphora (L.) J. Presl,camphortree
2172.jpg,Cinnamomum camphora (L.) J. Presl,camphortree
2173.jpg,Cinnamomum camphora (L.) J. Presl,camphortree
2174.jpg,Cinnamomum camphora (L.) J. Presl,camphortree
2175.jpg,Cinnamomum camphora (L.) J. Presl,camphortree
2176.jpg,Cinnamomum camphora (L.) J. Presl,camphortree
2177.jpg,Cinnamomum camphora (L.) J. Presl,camphortree
2178.jpg,Cinnamomum camphora (L.) J. Presl,camphortree
2179.jpg,Cinnamomum camphora (L.) J. Presl,camphortree
2180.jpg,Cinnamomum camphora (L.) J. Presl,camphortree
2181.jpg,Cinnamomum camphora (L.) J. Presl,camphortree
2182.jpg,Cinnamomum camphora (L.) J. Presl,camphortree
2183.jpg,Cinnamomum camphora (L.) J. Presl,camphortree
2184.jpg,Cinnamomum camphora (L.) J. Presl,camphortree
2185.jpg,Cinnamomum camphora (L.) J. Presl,camphortree
2186.jpg,Cinnamomum camphora (L.) J. Presl,camphortree
2187.jpg,Cinnamomum camphora (L.) J. Presl,camphortree
2188.jpg,Cinnamomum camphora (L.) J. Presl,camphortree
2189.jpg,Cinnamomum camphora (L.) J. Presl,camphortree
2190.jpg,Cinnamomum camphora (L.) J. Presl,camphortree
2191.jpg,Cinnamomum camphora (L.) J. Presl,camphortree
2192.jpg,Cinnamomum camphora (L.) J. Presl,camphortree
2193.jpg,Cinnamomum camphora (L.) J. Presl,camphortree
2194.jpg,Cinnamomum camphora (L.) J. Presl,camphortree
2195.jpg,Cinnamomum camphora (L.) J. Presl,camphortree
2196.jpg,Cinnamomum camphora (L.) J. Presl,camphortree
2197.jpg,Cinnamomum camphora (L.) J. Presl,camphortree
2198.jpg,Cinnamomum camphora (L.) J. Presl,camphortree
2199.jpg,Cinnamomum camphora (L.) J. Presl,camphortree
2200.jpg,Cinnamomum camphora (L.) J. Presl,camphortree
2201.jpg,Cinnamomum camphora (L.) J. Presl,camphortree
2202.jpg,Cinnamomum camphora (L.) J. Presl,camphortree
2203.jpg,Cinnamomum camphora (L.) J. Presl,camphortree
2204.jpg,Cinnamomum camphora (L.) J. Presl,camphortree
2205.jpg,Cinnamomum camphora (L.) J. Presl,camphortree
2206.jpg,Cinnamomum camphora (L.) J. Presl,camphortree
2207.jpg,Cinnamomum camphora (L.) J. Presl,camphortree
2208.jpg,Cinnamomum camphora (L.) J. Presl,camphortree
2209.jpg,Cinnamomum camphora (L.) J. Presl,camphortree
2210.jpg,Cinnamomum camphora (L.) J. Presl,camphortree
2211.jpg,Cinnamomum camphora (L.) J. Presl,camphortree
2212.jpg,Cinnamomum camphora (L.) J. Presl,camphortree
2213.jpg,Cinnamomum camphora (L.) J. Presl,camphortree
2214.jpg,Cinnamomum camphora (L.) J. Presl,camphortree
2215.jpg,Cinnamomum camphora (L.) J. Presl,camphortree
2216.jpg,Cinnamomum camphora (L.) J. Presl,camphortree
2217.jpg,Cinnamomum camphora (L.) J. Presl,camphortree
2218.jpg,Cinnamomum camphora (L.) J. Presl,camphortree
2219.jpg,Cinnamomum camphora (L.) J. Presl,camphortree
2220.jpg,Cinnamomum camphora (L.) J. Presl,camphortree
2221.jpg,Cinnamomum camphora (L.) J. Presl,camphortree
2222.jpg,Cinnamomum camphora (L.) J. Presl,camphortree
2223.jpg,Cinnamomum camphora (L.) J. Presl,camphortree
2224.jpg,Cinnamomum camphora (L.) J. Presl,camphortree
2225.jpg,Cinnamomum camphora (L.) J. Presl,camphortree
2226.jpg,Cinnamomum camphora (L.) J. Presl,camphortree
2227.jpg,Cinnamomum camphora (L.) J. Presl,camphortree
2228.jpg,Cinnamomum camphora (L.) J. Presl,camphortree
2229.jpg,Cinnamomum camphora (L.) J. Presl,camphortree
2230.jpg,Cinnamomum camphora (L.) J. Presl,camphortree
2231.jpg,Viburnum awabuki K.Koch,Japan Arrowwood
2232.jpg,Viburnum awabuki K.Koch,Japan Arrowwood
2233.jpg,Viburnum awabuki K.Koch,Japan Arrowwood
2234.jpg,Viburnum awabuki K.Koch,Japan Arrowwood
2235.jpg,Viburnum awabuki K.Koch,Japan Arrowwood
2236.jpg,Viburnum awabuki K.Koch,Japan Arrowwood
2237.jpg,Viburnum awabuki K.Koch,Japan Arrowwood
2238.jpg,Viburnum awabuki K.Koch,Japan Arrowwood
2239.jpg,Viburnum awabuki K.Koch,Japan Arrowwood
2240.jpg,Viburnum awabuki K.Koch,Japan Arrowwood
2241.jpg,Viburnum awabuki K.Koch,Japan Arrowwood
2242.jpg,Viburnum awabuki K.Koch,Japan Arrowwood
2243.jpg,Viburnum awabuki K.Koch,Japan Arrowwood
2244.jpg,Viburnum awabuki K.Koch,Japan Arrowwood
2245.jpg,Viburnum awabuki K.Koch,Japan Arrowwood
2246.jpg,Viburnum awabuki K.Koch,Japan Arrowwood
2247.jpg,Viburnum awabuki K.Koch,Japan Arrowwood
2248.jpg,Viburnum awabuki K.Koch,Japan Arrowwood
2249.jpg,Viburnum awabuki K.Koch,Japan Arrowwood
2250.jpg,Viburnum awabuki K.Koch,Japan Arrowwood
2251.jpg,Viburnum awabuki K.Koch,Japan Arrowwood
2252.jpg,Viburnum awabuki K.Koch,Japan Arrowwood
2253.jpg,Viburnum awabuki K.Koch,Japan Arrowwood
2254.jpg,Viburnum awabuki K.Koch,Japan Arrowwood
2255.jpg,Viburnum awabuki K.Koch,Japan Arrowwood
2256.jpg,Viburnum awabuki K.Koch,Japan Arrowwood
2257.jpg,Viburnum awabuki K.Koch,Japan Arrowwood
2258.jpg,Viburnum awabuki K.Koch,Japan Arrowwood
2259.jpg,Viburnum awabuki K.Koch,Japan Arrowwood
2260.jpg,Viburnum awabuki K.Koch,Japan Arrowwood
2261.jpg,Viburnum awabuki K.Koch,Japan Arrowwood
2262.jpg,Viburnum awabuki K.Koch,Japan Arrowwood
2263.jpg,Viburnum awabuki K.Koch,Japan Arrowwood
2264.jpg,Viburnum awabuki K.Koch,Japan Arrowwood
2265.jpg,Viburnum awabuki K.Koch,Japan Arrowwood
2266.jpg,Viburnum awabuki K.Koch,Japan Arrowwood
2267.jpg,Viburnum awabuki K.Koch,Japan Arrowwood
2268.jpg,Viburnum awabuki K.Koch,Japan Arrowwood
2269.jpg,Viburnum awabuki K.Koch,Japan Arrowwood
2270.jpg,Viburnum awabuki K.Koch,Japan Arrowwood
2271.jpg,Viburnum awabuki K.Koch,Japan Arrowwood
2272.jpg,Viburnum awabuki K.Koch,Japan Arrowwood
2273.jpg,Viburnum awabuki K.Koch,Japan Arrowwood
2274.jpg,Viburnum awabuki K.Koch,Japan Arrowwood
2275.jpg,Viburnum awabuki K.Koch,Japan Arrowwood
2276.jpg,Viburnum awabuki K.Koch,Japan Arrowwood
2277.jpg,Viburnum awabuki K.Koch,Japan Arrowwood
2278.jpg,Viburnum awabuki K.Koch,Japan Arrowwood
2279.jpg,Viburnum awabuki K.Koch,Japan Arrowwood
2280.jpg,Viburnum awabuki K.Koch,Japan Arrowwood
2281.jpg,Viburnum awabuki K.Koch,Japan Arrowwood
2282.jpg,Viburnum awabuki K.Koch,Japan Arrowwood
2283.jpg,Viburnum awabuki K.Koch,Japan Arrowwood
2284.jpg,Viburnum awabuki K.Koch,Japan Arrowwood
2285.jpg,Viburnum awabuki K.Koch,Japan Arrowwood
2286.jpg,Viburnum awabuki K.Koch,Japan Arrowwood
2287.jpg,Viburnum awabuki K.Koch,Japan Arrowwood
2288.jpg,Viburnum awabuki K.Koch,Japan Arrowwood
2289.jpg,Viburnum awabuki K.Koch,Japan Arrowwood
2290.jpg,Viburnum awabuki K.Koch,Japan Arrowwood
2291.jpg,Osmanthus fragrans Lour.,sweet osmanthus
2292.jpg,Osmanthus fragrans Lour.,sweet osmanthus
2293.jpg,Osmanthus fragrans Lour.,sweet osmanthus
2294.jpg,Osmanthus fragrans Lour.,sweet osmanthus
2295.jpg,Osmanthus fragrans Lour.,sweet osmanthus
2296.jpg,Osmanthus fragrans Lour.,sweet osmanthus
2297.jpg,Osmanthus fragrans Lour.,sweet osmanthus
2298.jpg,Osmanthus fragrans Lour.,sweet osmanthus
2299.jpg,Osmanthus fragrans Lour.,sweet osmanthus
2300.jpg,Osmanthus fragrans Lour.,sweet osmanthus
2301.jpg,Osmanthus fragrans Lour.,sweet osmanthus
2302.jpg,Osmanthus fragrans Lour.,sweet osmanthus
2303.jpg,Osmanthus fragrans Lour.,sweet osmanthus
2304.jpg,Osmanthus fragrans Lour.,sweet osmanthus
2305.jpg,Osmanthus fragrans Lour.,sweet osmanthus
2306.jpg,Osmanthus fragrans Lour.,sweet osmanthus
2307.jpg,Osmanthus fragrans Lour.,sweet osmanthus
2308.jpg,Osmanthus fragrans Lour.,sweet osmanthus
2309.jpg,Osmanthus fragrans Lour.,sweet osmanthus
2310.jpg,Osmanthus fragrans Lour.,sweet osmanthus
2311.jpg,Osmanthus fragrans Lour.,sweet osmanthus
2312.jpg,Osmanthus fragrans Lour.,sweet osmanthus
2313.jpg,Osmanthus fragrans Lour.,sweet osmanthus
2314.jpg,Osmanthus fragrans Lour.,sweet osmanthus
2315.jpg,Osmanthus fragrans Lour.,sweet osmanthus
2316.jpg,Osmanthus fragrans Lour.,sweet osmanthus
2317.jpg,Osmanthus fragrans Lour.,sweet osmanthus
2318.jpg,Osmanthus fragrans Lour.,sweet osmanthus
2319.jpg,Osmanthus fragrans Lour.,sweet osmanthus
2320.jpg,Osmanthus fragrans Lour.,sweet osmanthus
2321.jpg,Osmanthus fragrans Lour.,sweet osmanthus
2322.jpg,Osmanthus fragrans Lour.,sweet osmanthus
2323.jpg,Osmanthus fragrans Lour.,sweet osmanthus
2324.jpg,Osmanthus fragrans Lour.,sweet osmanthus
2325.jpg,Osmanthus fragrans Lour.,sweet osmanthus
2326.jpg,Osmanthus fragrans Lour.,sweet osmanthus
2327.jpg,Osmanthus fragrans Lour.,sweet osmanthus
2328.jpg,Osmanthus fragrans Lour.,sweet osmanthus
2329.jpg,Osmanthus fragrans Lour.,sweet osmanthus
2330.jpg,Osmanthus fragrans Lour.,sweet osmanthus
2331.jpg,Osmanthus fragrans Lour.,sweet osmanthus
2332.jpg,Osmanthus fragrans Lour.,sweet osmanthus
2333.jpg,Osmanthus fragrans Lour.,sweet osmanthus
2334.jpg,Osmanthus fragrans Lour.,sweet osmanthus
2335.jpg,Osmanthus fragrans Lour.,sweet osmanthus
2336.jpg,Osmanthus fragrans Lour.,sweet osmanthus
2337.jpg,Osmanthus fragrans Lour.,sweet osmanthus
2338.jpg,Osmanthus fragrans Lour.,sweet osmanthus
2339.jpg,Osmanthus fragrans Lour.,sweet osmanthus
2340.jpg,Osmanthus fragrans Lour.,sweet osmanthus
2341.jpg,Osmanthus fragrans Lour.,sweet osmanthus
2342.jpg,Osmanthus fragrans Lour.,sweet osmanthus
2343.jpg,Osmanthus fragrans Lour.,sweet osmanthus
2344.jpg,Osmanthus fragrans Lour.,sweet osmanthus
2345.jpg,Osmanthus fragrans Lour.,sweet osmanthus
2346.jpg,Osmanthus fragrans Lour.,sweet osmanthus
2347.jpg,Cedrus deodara (Roxb.) G. Don,deodar
2348.jpg,Cedrus deodara (Roxb.) G. Don,deodar
2349.jpg,Cedrus deodara (Roxb.) G. Don,deodar
2350.jpg,Cedrus deodara (Roxb.) G. Don,deodar
2351.jpg,Cedrus deodara (Roxb.) G. Don,deodar
2352.jpg,Cedrus deodara (Roxb.) G. Don,deodar
2353.jpg,Cedrus deodara (Roxb.) G. Don,deodar
2354.jpg,Cedrus deodara (Roxb.) G. Don,deodar
2355.jpg,Cedrus deodara (Roxb.) G. Don,deodar
2356.jpg,Cedrus deodara (Roxb.) G. Don,deodar
2357.jpg,Cedrus deodara (Roxb.) G. Don,deodar
2358.jpg,Cedrus deodara (Roxb.) G. Don,deodar
2359.jpg,Cedrus deodara (Roxb.) G. Don,deodar
2360.jpg,Cedrus deodara (Roxb.) G. Don,deodar
2361.jpg,Cedrus deodara (Roxb.) G. Don,deodar
2362.jpg,Cedrus deodara (Roxb.) G. Don,deodar
2363.jpg,Cedrus deodara (Roxb.) G. Don,deodar
2364.jpg,Cedrus deodara (Roxb.) G. Don,deodar
2365.jpg,Cedrus deodara (Roxb.) G. Don,deodar
2366.jpg,Cedrus deodara (Roxb.) G. Don,deodar
2367.jpg,Cedrus deodara (Roxb.) G. Don,deodar
2368.jpg,Cedrus deodara (Roxb.) G. Don,deodar
2369.jpg,Cedrus deodara (Roxb.) G. Don,deodar
2370.jpg,Cedrus deodara (Roxb.) G. Don,deodar
2371.jpg,Cedrus deodara (Roxb.) G. Don,deodar
2372.jpg,Cedrus deodara (Roxb.) G. Don,deodar
2373.jpg,Cedrus deodara (Roxb.) G. Don,deodar
2374.jpg,Cedrus deodara (Roxb.) G. Don,deodar
2375.jpg,Cedrus deodara (Roxb.) G. Don,deodar
2376.jpg,Cedrus deodara (Roxb.) G. Don,deodar
2377.jpg,Cedrus deodara (Roxb.) G. Don,deodar
2378.jpg,Cedrus deodara (Roxb.) G. Don,deodar
2379.jpg,Cedrus deodara (Roxb.) G. Don,deodar
2380.jpg,Cedrus deodara (Roxb.) G. Don,deodar
2381.jpg,Cedrus deodara (Roxb.) G. Don,deodar
2382.jpg,Cedrus deodara (Roxb.) G. Don,deodar
2383.jpg,Cedrus deodara (Roxb.) G. Don,deodar
2384.jpg,Cedrus deodara (Roxb.) G. Don,deodar
2385.jpg,Cedrus deodara (Roxb.) G. Don,deodar
2386.jpg,Cedrus deodara (Roxb.) G. Don,deodar
2387.jpg,Cedrus deodara (Roxb.) G. Don,deodar
2388.jpg,Cedrus deodara (Roxb.) G. Don,deodar
2389.jpg,Cedrus deodara (Roxb.) G. Don,deodar
2390.jpg,Cedrus deodara (Roxb.) G. Don,deodar
2391.jpg,Cedrus deodara (Roxb.) G. Don,deodar
2392.jpg,Cedrus deodara (Roxb.) G. Don,deodar
2393.jpg,Cedrus deodara (Roxb.) G. Don,deodar
2394.jpg,Cedrus deodara (Roxb.) G. Don,deodar
2395.jpg,Cedrus deodara (Roxb.) G. Don,deodar
2396.jpg,Cedrus deodara (Roxb.) G. Don,deodar
2397.jpg,Cedrus deodara (Roxb.) G. Don,deodar
2398.jpg,Cedrus deodara (Roxb.) G. Don,deodar
2399.jpg,Cedrus deodara (Roxb.) G. Don,deodar
2400.jpg,Cedrus deodara (Roxb.) G. Don,deodar
2401.jpg,Cedrus deodara (Roxb.) G. Don,deodar
2402.jpg,Cedrus deodara (Roxb.) G. Don,deodar
2403.jpg,Cedrus deodara (Roxb.) G. Don,deodar
2404.jpg,Cedrus deodara (Roxb.) G. Don,deodar
2405.jpg,Cedrus deodara (Roxb.) G. Don,deodar
2406.jpg,Cedrus deodara (Roxb.) G. Don,deodar
2407.jpg,Cedrus deodara (Roxb.) G. Don,deodar
2408.jpg,Cedrus deodara (Roxb.) G. Don,deodar
2409.jpg,Cedrus deodara (Roxb.) G. Don,deodar
2410.jpg,Cedrus deodara (Roxb.) G. Don,deodar
2411.jpg,Cedrus deodara (Roxb.) G. Don,deodar
2412.jpg,Cedrus deodara (Roxb.) G. Don,deodar
2413.jpg,Cedrus deodara (Roxb.) G. Don,deodar
2414.jpg,Cedrus deodara (Roxb.) G. Don,deodar
2415.jpg,Cedrus deodara (Roxb.) G. Don,deodar
2416.jpg,Cedrus deodara (Roxb.) G. Don,deodar
2417.jpg,Cedrus deodara (Roxb.) G. Don,deodar
2418.jpg,Cedrus deodara (Roxb.) G. Don,deodar
2419.jpg,Cedrus deodara (Roxb.) G. Don,deodar
2420.jpg,Cedrus deodara (Roxb.) G. Don,deodar
2421.jpg,Cedrus deodara (Roxb.) G. Don,deodar
2422.jpg,Cedrus deodara (Roxb.) G. Don,deodar
2423.jpg,Cedrus deodara (Roxb.) G. Don,deodar
2424.jpg,Ginkgo biloba L.,"ginkgo, maidenhair tree"
2425.jpg,Ginkgo biloba L.,"ginkgo, maidenhair tree"
2426.jpg,Ginkgo biloba L.,"ginkgo, maidenhair tree"
2427.jpg,Ginkgo biloba L.,"ginkgo, maidenhair tree"
2428.jpg,Ginkgo biloba L.,"ginkgo, maidenhair tree"
2429.jpg,Ginkgo biloba L.,"ginkgo, maidenhair tree"
2430.jpg,Ginkgo biloba L.,"ginkgo, maidenhair tree"
2431.jpg,Ginkgo biloba L.,"ginkgo, maidenhair tree"
2432.jpg,Ginkgo biloba L.,"ginkgo, maidenhair tree"
2433.jpg,Ginkgo biloba L.,"ginkgo, maidenhair tree"
2434.jpg,Ginkgo biloba L.,"ginkgo, maidenhair tree"
2435.jpg,Ginkgo biloba L.,"ginkgo, maidenhair tree"
2436.jpg,Ginkgo biloba L.,"ginkgo, maidenhair tree"
2437.jpg,Ginkgo biloba L.,"ginkgo, maidenhair tree"
2438.jpg,Ginkgo biloba L.,"ginkgo, maidenhair tree"
2439.jpg,Ginkgo biloba L.,"ginkgo, maidenhair tree"
2440.jpg,Ginkgo biloba L.,"ginkgo, maidenhair tree"
2441.jpg,Ginkgo biloba L.,"ginkgo, maidenhair tree"
2442.jpg,Ginkgo biloba L.,"ginkgo, maidenhair tree"
2443.jpg,Ginkgo biloba L.,"ginkgo, maidenhair tree"
2444.jpg,Ginkgo biloba L.,"ginkgo, maidenhair tree"
2445.jpg,Ginkgo biloba L.,"ginkgo, maidenhair tree"
2446.jpg,Ginkgo biloba L.,"ginkgo, maidenhair tree"
2447.jpg,Ginkgo biloba L.,"ginkgo, maidenhair tree"
2448.jpg,Ginkgo biloba L.,"ginkgo, maidenhair tree"
2449.jpg,Ginkgo biloba L.,"ginkgo, maidenhair tree"
2450.jpg,Ginkgo biloba L.,"ginkgo, maidenhair tree"
2451.jpg,Ginkgo biloba L.,"ginkgo, maidenhair tree"
2452.jpg,Ginkgo biloba L.,"ginkgo, maidenhair tree"
2453.jpg,Ginkgo biloba L.,"ginkgo, maidenhair tree"
2454.jpg,Ginkgo biloba L.,"ginkgo, maidenhair tree"
2455.jpg,Ginkgo biloba L.,"ginkgo, maidenhair tree"
2456.jpg,Ginkgo biloba L.,"ginkgo, maidenhair tree"
2457.jpg,Ginkgo biloba L.,"ginkgo, maidenhair tree"
2458.jpg,Ginkgo biloba L.,"ginkgo, maidenhair tree"
2459.jpg,Ginkgo biloba L.,"ginkgo, maidenhair tree"
2460.jpg,Ginkgo biloba L.,"ginkgo, maidenhair tree"
2461.jpg,Ginkgo biloba L.,"ginkgo, maidenhair tree"
2462.jpg,Ginkgo biloba L.,"ginkgo, maidenhair tree"
2463.jpg,Ginkgo biloba L.,"ginkgo, maidenhair tree"
2464.jpg,Ginkgo biloba L.,"ginkgo, maidenhair tree"
2465.jpg,Ginkgo biloba L.,"ginkgo, maidenhair tree"
2466.jpg,Ginkgo biloba L.,"ginkgo, maidenhair tree"
2467.jpg,Ginkgo biloba L.,"ginkgo, maidenhair tree"
2468.jpg,Ginkgo biloba L.,"ginkgo, maidenhair tree"
2469.jpg,Ginkgo biloba L.,"ginkgo, maidenhair tree"
2470.jpg,Ginkgo biloba L.,"ginkgo, maidenhair tree"
2471.jpg,Ginkgo biloba L.,"ginkgo, maidenhair tree"
2472.jpg,Ginkgo biloba L.,"ginkgo, maidenhair tree"
2473.jpg,Ginkgo biloba L.,"ginkgo, maidenhair tree"
2474.jpg,Ginkgo biloba L.,"ginkgo, maidenhair tree"
2475.jpg,Ginkgo biloba L.,"ginkgo, maidenhair tree"
2476.jpg,Ginkgo biloba L.,"ginkgo, maidenhair tree"
2477.jpg,Ginkgo biloba L.,"ginkgo, maidenhair tree"
2478.jpg,Ginkgo biloba L.,"ginkgo, maidenhair tree"
2479.jpg,Ginkgo biloba L.,"ginkgo, maidenhair tree"
2480.jpg,Ginkgo biloba L.,"ginkgo, maidenhair tree"
2481.jpg,Ginkgo biloba L.,"ginkgo, maidenhair tree"
2482.jpg,Ginkgo biloba L.,"ginkgo, maidenhair tree"
2483.jpg,Ginkgo biloba L.,"ginkgo, maidenhair tree"
2484.jpg,Ginkgo biloba L.,"ginkgo, maidenhair tree"
2485.jpg,Ginkgo biloba L.,"ginkgo, maidenhair tree"
2486.jpg,Lagerstroemia indica (L.) Pers.,"Crape myrtle, Crepe myrtle"
2487.jpg,Lagerstroemia indica (L.) Pers.,"Crape myrtle, Crepe myrtle"
2488.jpg,Lagerstroemia indica (L.) Pers.,"Crape myrtle, Crepe myrtle"
2489.jpg,Lagerstroemia indica (L.) Pers.,"Crape myrtle, Crepe myrtle"
2490.jpg,Lagerstroemia indica (L.) Pers.,"Crape myrtle, Crepe myrtle"
2491.jpg,Lagerstroemia indica (L.) Pers.,"Crape myrtle, Crepe myrtle"
2492.jpg,Lagerstroemia indica (L.) Pers.,"Crape myrtle, Crepe myrtle"
2493.jpg,Lagerstroemia indica (L.) Pers.,"Crape myrtle, Crepe myrtle"
2494.jpg,Lagerstroemia indica (L.) Pers.,"Crape myrtle, Crepe myrtle"
2495.jpg,Lagerstroemia indica (L.) Pers.,"Crape myrtle, Crepe myrtle"
2496.jpg,Lagerstroemia indica (L.) Pers.,"Crape myrtle, Crepe myrtle"
2497.jpg,Lagerstroemia indica (L.) Pers.,"Crape myrtle, Crepe myrtle"
2498.jpg,Lagerstroemia indica (L.) Pers.,"Crape myrtle, Crepe myrtle"
2499.jpg,Lagerstroemia indica (L.) Pers.,"Crape myrtle, Crepe myrtle"
2500.jpg,Lagerstroemia indica (L.) Pers.,"Crape myrtle, Crepe myrtle"
2501.jpg,Lagerstroemia indica (L.) Pers.,"Crape myrtle, Crepe myrtle"
2502.jpg,Lagerstroemia indica (L.) Pers.,"Crape myrtle, Crepe myrtle"
2503.jpg,Lagerstroemia indica (L.) Pers.,"Crape myrtle, Crepe myrtle"
2504.jpg,Lagerstroemia indica (L.) Pers.,"Crape myrtle, Crepe myrtle"
2505.jpg,Lagerstroemia indica (L.) Pers.,"Crape myrtle, Crepe myrtle"
2506.jpg,Lagerstroemia indica (L.) Pers.,"Crape myrtle, Crepe myrtle"
2507.jpg,Lagerstroemia indica (L.) Pers.,"Crape myrtle, Crepe myrtle"
2508.jpg,Lagerstroemia indica (L.) Pers.,"Crape myrtle, Crepe myrtle"
2509.jpg,Lagerstroemia indica (L.) Pers.,"Crape myrtle, Crepe myrtle"
2510.jpg,Lagerstroemia indica (L.) Pers.,"Crape myrtle, Crepe myrtle"
2511.jpg,Lagerstroemia indica (L.) Pers.,"Crape myrtle, Crepe myrtle"
2512.jpg,Lagerstroemia indica (L.) Pers.,"Crape myrtle, Crepe myrtle"
2513.jpg,Lagerstroemia indica (L.) Pers.,"Crape myrtle, Crepe myrtle"
2514.jpg,Lagerstroemia indica (L.) Pers.,"Crape myrtle, Crepe myrtle"
2515.jpg,Lagerstroemia indica (L.) Pers.,"Crape myrtle, Crepe myrtle"
2516.jpg,Lagerstroemia indica (L.) Pers.,"Crape myrtle, Crepe myrtle"
2517.jpg,Lagerstroemia indica (L.) Pers.,"Crape myrtle, Crepe myrtle"
2518.jpg,Lagerstroemia indica (L.) Pers.,"Crape myrtle, Crepe myrtle"
2519.jpg,Lagerstroemia indica (L.) Pers.,"Crape myrtle, Crepe myrtle"
2520.jpg,Lagerstroemia indica (L.) Pers.,"Crape myrtle, Crepe myrtle"
2521.jpg,Lagerstroemia indica (L.) Pers.,"Crape myrtle, Crepe myrtle"
2522.jpg,Lagerstroemia indica (L.) Pers.,"Crape myrtle, Crepe myrtle"
2523.jpg,Lagerstroemia indica (L.) Pers.,"Crape myrtle, Crepe myrtle"
2524.jpg,Lagerstroemia indica (L.) Pers.,"Crape myrtle, Crepe myrtle"
2525.jpg,Lagerstroemia indica (L.) Pers.,"Crape myrtle, Crepe myrtle"
2526.jpg,Lagerstroemia indica (L.) Pers.,"Crape myrtle, Crepe myrtle"
2527.jpg,Lagerstroemia indica (L.) Pers.,"Crape myrtle, Crepe myrtle"
2528.jpg,Lagerstroemia indica (L.) Pers.,"Crape myrtle, Crepe myrtle"
2529.jpg,Lagerstroemia indica (L.) Pers.,"Crape myrtle, Crepe myrtle"
2530.jpg,Lagerstroemia indica (L.) Pers.,"Crape myrtle, Crepe myrtle"
2531.jpg,Lagerstroemia indica (L.) Pers.,"Crape myrtle, Crepe myrtle"
2532.jpg,Lagerstroemia indica (L.) Pers.,"Crape myrtle, Crepe myrtle"
2533.jpg,Lagerstroemia indica (L.) Pers.,"Crape myrtle, Crepe myrtle"
2534.jpg,Lagerstroemia indica (L.) Pers.,"Crape myrtle, Crepe myrtle"
2535.jpg,Lagerstroemia indica (L.) Pers.,"Crape myrtle, Crepe myrtle"
2536.jpg,Lagerstroemia indica (L.) Pers.,"Crape myrtle, Crepe myrtle"
2537.jpg,Lagerstroemia indica (L.) Pers.,"Crape myrtle, Crepe myrtle"
2538.jpg,Lagerstroemia indica (L.) Pers.,"Crape myrtle, Crepe myrtle"
2539.jpg,Lagerstroemia indica (L.) Pers.,"Crape myrtle, Crepe myrtle"
2540.jpg,Lagerstroemia indica (L.) Pers.,"Crape myrtle, Crepe myrtle"
2541.jpg,Lagerstroemia indica (L.) Pers.,"Crape myrtle, Crepe myrtle"
2542.jpg,Lagerstroemia indica (L.) Pers.,"Crape myrtle, Crepe myrtle"
2543.jpg,Lagerstroemia indica (L.) Pers.,"Crape myrtle, Crepe myrtle"
2544.jpg,Lagerstroemia indica (L.) Pers.,"Crape myrtle, Crepe myrtle"
2545.jpg,Lagerstroemia indica (L.) Pers.,"Crape myrtle, Crepe myrtle"
2546.jpg,Lagerstroemia indica (L.) Pers.,"Crape myrtle, Crepe myrtle"
2547.jpg,Nerium oleander L.,oleander
2548.jpg,Nerium oleander L.,oleander
2549.jpg,Nerium oleander L.,oleander
2550.jpg,Nerium oleander L.,oleander
2551.jpg,Nerium oleander L.,oleander
2552.jpg,Nerium oleander L.,oleander
2553.jpg,Nerium oleander L.,oleander
2554.jpg,Nerium oleander L.,oleander
2555.jpg,Nerium oleander L.,oleander
2556.jpg,Nerium oleander L.,oleander
2557.jpg,Nerium oleander L.,oleander
2558.jpg,Nerium oleander L.,oleander
2559.jpg,Nerium oleander L.,oleander
2560.jpg,Nerium oleander L.,oleander
2561.jpg,Nerium oleander L.,oleander
2562.jpg,Nerium oleander L.,oleander
2563.jpg,Nerium oleander L.,oleander
2564.jpg,Nerium oleander L.,oleander
2565.jpg,Nerium oleander L.,oleander
2566.jpg,Nerium oleander L.,oleander
2567.jpg,Nerium oleander L.,oleander
2568.jpg,Nerium oleander L.,oleander
2569.jpg,Nerium oleander L.,oleander
2570.jpg,Nerium oleander L.,oleander
2571.jpg,Nerium oleander L.,oleander
2572.jpg,Nerium oleander L.,oleander
2573.jpg,Nerium oleander L.,oleander
2574.jpg,Nerium oleander L.,oleander
2575.jpg,Nerium oleander L.,oleander
2576.jpg,Nerium oleander L.,oleander
2577.jpg,Nerium oleander L.,oleander
2578.jpg,Nerium oleander L.,oleander
2579.jpg,Nerium oleander L.,oleander
2580.jpg,Nerium oleander L.,oleander
2581.jpg,Nerium oleander L.,oleander
2582.jpg,Nerium oleander L.,oleander
2583.jpg,Nerium oleander L.,oleander
2584.jpg,Nerium oleander L.,oleander
2585.jpg,Nerium oleander L.,oleander
2586.jpg,Nerium oleander L.,oleander
2587.jpg,Nerium oleander L.,oleander
2588.jpg,Nerium oleander L.,oleander
2589.jpg,Nerium oleander L.,oleander
2590.jpg,Nerium oleander L.,oleander
2591.jpg,Nerium oleander L.,oleander
2592.jpg,Nerium oleander L.,oleander
2593.jpg,Nerium oleander L.,oleander
2594.jpg,Nerium oleander L.,oleander
2595.jpg,Nerium oleander L.,oleander
2596.jpg,Nerium oleander L.,oleander
2597.jpg,Nerium oleander L.,oleander
2598.jpg,Nerium oleander L.,oleander
2599.jpg,Nerium oleander L.,oleander
2600.jpg,Nerium oleander L.,oleander
2601.jpg,Nerium oleander L.,oleander
2602.jpg,Nerium oleander L.,oleander
2603.jpg,Nerium oleander L.,oleander
2604.jpg,Nerium oleander L.,oleander
2605.jpg,Nerium oleander L.,oleander
2606.jpg,Nerium oleander L.,oleander
2607.jpg,Nerium oleander L.,oleander
2608.jpg,Nerium oleander L.,oleander
2609.jpg,Nerium oleander L.,oleander
2610.jpg,Nerium oleander L.,oleander
2611.jpg,Nerium oleander L.,oleander
2612.jpg,Nerium oleander L.,oleander
2616.jpg,Podocarpus macrophyllus (Thunb.) Sweet,yew plum pine
2617.jpg,Podocarpus macrophyllus (Thunb.) Sweet,yew plum pine
2618.jpg,Podocarpus macrophyllus (Thunb.) Sweet,yew plum pine
2619.jpg,Podocarpus macrophyllus (Thunb.) Sweet,yew plum pine
2620.jpg,Podocarpus macrophyllus (Thunb.) Sweet,yew plum pine
2621.jpg,Podocarpus macrophyllus (Thunb.) Sweet,yew plum pine
2622.jpg,Podocarpus macrophyllus (Thunb.) Sweet,yew plum pine
2623.jpg,Podocarpus macrophyllus (Thunb.) Sweet,yew plum pine
2624.jpg,Podocarpus macrophyllus (Thunb.) Sweet,yew plum pine
2625.jpg,Podocarpus macrophyllus (Thunb.) Sweet,yew plum pine
2626.jpg,Podocarpus macrophyllus (Thunb.) Sweet,yew plum pine
2627.jpg,Podocarpus macrophyllus (Thunb.) Sweet,yew plum pine
2628.jpg,Podocarpus macrophyllus (Thunb.) Sweet,yew plum pine
2629.jpg,Podocarpus macrophyllus (Thunb.) Sweet,yew plum pine
2630.jpg,Podocarpus macrophyllus (Thunb.) Sweet,yew plum pine
2631.jpg,Podocarpus macrophyllus (Thunb.) Sweet,yew plum pine
2632.jpg,Podocarpus macrophyllus (Thunb.) Sweet,yew plum pine
2633.jpg,Podocarpus macrophyllus (Thunb.) Sweet,yew plum pine
2634.jpg,Podocarpus macrophyllus (Thunb.) Sweet,yew plum pine
2635.jpg,Podocarpus macrophyllus (Thunb.) Sweet,yew plum pine
2636.jpg,Podocarpus macrophyllus (Thunb.) Sweet,yew plum pine
2637.jpg,Podocarpus macrophyllus (Thunb.) Sweet,yew plum pine
2638.jpg,Podocarpus macrophyllus (Thunb.) Sweet,yew plum pine
2639.jpg,Podocarpus macrophyllus (Thunb.) Sweet,yew plum pine
2640.jpg,Podocarpus macrophyllus (Thunb.) Sweet,yew plum pine
2641.jpg,Podocarpus macrophyllus (Thunb.) Sweet,yew plum pine
2642.jpg,Podocarpus macrophyllus (Thunb.) Sweet,yew plum pine
2643.jpg,Podocarpus macrophyllus (Thunb.) Sweet,yew plum pine
2644.jpg,Podocarpus macrophyllus (Thunb.) Sweet,yew plum pine
2645.jpg,Podocarpus macrophyllus (Thunb.) Sweet,yew plum pine
2646.jpg,Podocarpus macrophyllus (Thunb.) Sweet,yew plum pine
2647.jpg,Podocarpus macrophyllus (Thunb.) Sweet,yew plum pine
2648.jpg,Podocarpus macrophyllus (Thunb.) Sweet,yew plum pine
2649.jpg,Podocarpus macrophyllus (Thunb.) Sweet,yew plum pine
2650.jpg,Podocarpus macrophyllus (Thunb.) Sweet,yew plum pine
2651.jpg,Podocarpus macrophyllus (Thunb.) Sweet,yew plum pine
2652.jpg,Podocarpus macrophyllus (Thunb.) Sweet,yew plum pine
2653.jpg,Podocarpus macrophyllus (Thunb.) Sweet,yew plum pine
2654.jpg,Podocarpus macrophyllus (Thunb.) Sweet,yew plum pine
2655.jpg,Podocarpus macrophyllus (Thunb.) Sweet,yew plum pine
2656.jpg,Podocarpus macrophyllus (Thunb.) Sweet,yew plum pine
2657.jpg,Podocarpus macrophyllus (Thunb.) Sweet,yew plum pine
2658.jpg,Podocarpus macrophyllus (Thunb.) Sweet,yew plum pine
2659.jpg,Podocarpus macrophyllus (Thunb.) Sweet,yew plum pine
2660.jpg,Podocarpus macrophyllus (Thunb.) Sweet,yew plum pine
2661.jpg,Podocarpus macrophyllus (Thunb.) Sweet,yew plum pine
2662.jpg,Podocarpus macrophyllus (Thunb.) Sweet,yew plum pine
2663.jpg,Podocarpus macrophyllus (Thunb.) Sweet,yew plum pine
2664.jpg,Podocarpus macrophyllus (Thunb.) Sweet,yew plum pine
2665.jpg,Podocarpus macrophyllus (Thunb.) Sweet,yew plum pine
2666.jpg,Podocarpus macrophyllus (Thunb.) Sweet,yew plum pine
2667.jpg,Podocarpus macrophyllus (Thunb.) Sweet,yew plum pine
2668.jpg,Podocarpus macrophyllus (Thunb.) Sweet,yew plum pine
2669.jpg,Podocarpus macrophyllus (Thunb.) Sweet,yew plum pine
2670.jpg,Podocarpus macrophyllus (Thunb.) Sweet,yew plum pine
2671.jpg,Podocarpus macrophyllus (Thunb.) Sweet,yew plum pine
2672.jpg,Podocarpus macrophyllus (Thunb.) Sweet,yew plum pine
2673.jpg,Podocarpus macrophyllus (Thunb.) Sweet,yew plum pine
2674.jpg,Podocarpus macrophyllus (Thunb.) Sweet,yew plum pine
2675.jpg,Podocarpus macrophyllus (Thunb.) Sweet,yew plum pine
3001.jpg,Prunus serrulata Lindl. var. lannesiana auct.,Japanese Flowering Cherry
3002.jpg,Prunus serrulata Lindl. var. lannesiana auct.,Japanese Flowering Cherry
3003.jpg,Prunus serrulata Lindl. var. lannesiana auct.,Japanese Flowering Cherry
3004.jpg,Prunus serrulata Lindl. var. lannesiana auct.,Japanese Flowering Cherry
3005.jpg,Prunus serrulata Lindl. var. lannesiana auct.,Japanese Flowering Cherry
3006.jpg,Prunus serrulata Lindl. var. lannesiana auct.,Japanese Flowering Cherry
3007.jpg,Prunus serrulata Lindl. var. lannesiana auct.,Japanese Flowering Cherry
3008.jpg,Prunus serrulata Lindl. var. lannesiana auct.,Japanese Flowering Cherry
3009.jpg,Prunus serrulata Lindl. var. lannesiana auct.,Japanese Flowering Cherry
3010.jpg,Prunus serrulata Lindl. var. lannesiana auct.,Japanese Flowering Cherry
3011.jpg,Prunus serrulata Lindl. var. lannesiana auct.,Japanese Flowering Cherry
3012.jpg,Prunus serrulata Lindl. var. lannesiana auct.,Japanese Flowering Cherry
3013.jpg,Prunus serrulata Lindl. var. lannesiana auct.,Japanese Flowering Cherry
3014.jpg,Prunus serrulata Lindl. var. lannesiana auct.,Japanese Flowering Cherry
3015.jpg,Prunus serrulata Lindl. var. lannesiana auct.,Japanese Flowering Cherry
3016.jpg,Prunus serrulata Lindl. var. lannesiana auct.,Japanese Flowering Cherry
3017.jpg,Prunus serrulata Lindl. var. lannesiana auct.,Japanese Flowering Cherry
3018.jpg,Prunus serrulata Lindl. var. lannesiana auct.,Japanese Flowering Cherry
3019.jpg,Prunus serrulata Lindl. var. lannesiana auct.,Japanese Flowering Cherry
3020.jpg,Prunus serrulata Lindl. var. lannesiana auct.,Japanese Flowering Cherry
3021.jpg,Prunus serrulata Lindl. var. lannesiana auct.,Japanese Flowering Cherry
3022.jpg,Prunus serrulata Lindl. var. lannesiana auct.,Japanese Flowering Cherry
3023.jpg,Prunus serrulata Lindl. var. lannesiana auct.,Japanese Flowering Cherry
3024.jpg,Prunus serrulata Lindl. var. lannesiana auct.,Japanese Flowering Cherry
3025.jpg,Prunus serrulata Lindl. var. lannesiana auct.,Japanese Flowering Cherry
3026.jpg,Prunus serrulata Lindl. var. lannesiana auct.,Japanese Flowering Cherry
3027.jpg,Prunus serrulata Lindl. var. lannesiana auct.,Japanese Flowering Cherry
3028.jpg,Prunus serrulata Lindl. var. lannesiana auct.,Japanese Flowering Cherry
3029.jpg,Prunus serrulata Lindl. var. lannesiana auct.,Japanese Flowering Cherry
3030.jpg,Prunus serrulata Lindl. var. lannesiana auct.,Japanese Flowering Cherry
3031.jpg,Prunus serrulata Lindl. var. lannesiana auct.,Japanese Flowering Cherry
3032.jpg,Prunus serrulata Lindl. var. lannesiana auct.,Japanese Flowering Cherry
3033.jpg,Prunus serrulata Lindl. var. lannesiana auct.,Japanese Flowering Cherry
3034.jpg,Prunus serrulata Lindl. var. lannesiana auct.,Japanese Flowering Cherry
3035.jpg,Prunus serrulata Lindl. var. lannesiana auct.,Japanese Flowering Cherry
3036.jpg,Prunus serrulata Lindl. var. lannesiana auct.,Japanese Flowering Cherry
3037.jpg,Prunus serrulata Lindl. var. lannesiana auct.,Japanese Flowering Cherry
3038.jpg,Prunus serrulata Lindl. var. lannesiana auct.,Japanese Flowering Cherry
3039.jpg,Prunus serrulata Lindl. var. lannesiana auct.,Japanese Flowering Cherry
3040.jpg,Prunus serrulata Lindl. var. lannesiana auct.,Japanese Flowering Cherry
3041.jpg,Prunus serrulata Lindl. var. lannesiana auct.,Japanese Flowering Cherry
3042.jpg,Prunus serrulata Lindl. var. lannesiana auct.,Japanese Flowering Cherry
3043.jpg,Prunus serrulata Lindl. var. lannesiana auct.,Japanese Flowering Cherry
3044.jpg,Prunus serrulata Lindl. var. lannesiana auct.,Japanese Flowering Cherry
3045.jpg,Prunus serrulata Lindl. var. lannesiana auct.,Japanese Flowering Cherry
3046.jpg,Prunus serrulata Lindl. var. lannesiana auct.,Japanese Flowering Cherry
3047.jpg,Prunus serrulata Lindl. var. lannesiana auct.,Japanese Flowering Cherry
3048.jpg,Prunus serrulata Lindl. var. lannesiana auct.,Japanese Flowering Cherry
3049.jpg,Prunus serrulata Lindl. var. lannesiana auct.,Japanese Flowering Cherry
3050.jpg,Prunus serrulata Lindl. var. lannesiana auct.,Japanese Flowering Cherry
3051.jpg,Prunus serrulata Lindl. var. lannesiana auct.,Japanese Flowering Cherry
3052.jpg,Prunus serrulata Lindl. var. lannesiana auct.,Japanese Flowering Cherry
3053.jpg,Prunus serrulata Lindl. var. lannesiana auct.,Japanese Flowering Cherry
3054.jpg,Prunus serrulata Lindl. var. lannesiana auct.,Japanese Flowering Cherry
3055.jpg,Prunus serrulata Lindl. var. lannesiana auct.,Japanese Flowering Cherry
3056.jpg,Ligustrum lucidum Ait. f.,Glossy Privet
3057.jpg,Ligustrum lucidum Ait. f.,Glossy Privet
3058.jpg,Ligustrum lucidum Ait. f.,Glossy Privet
3059.jpg,Ligustrum lucidum Ait. f.,Glossy Privet
3060.jpg,Ligustrum lucidum Ait. f.,Glossy Privet
3061.jpg,Ligustrum lucidum Ait. f.,Glossy Privet
3062.jpg,Ligustrum lucidum Ait. f.,Glossy Privet
3063.jpg,Ligustrum lucidum Ait. f.,Glossy Privet
3064.jpg,Ligustrum lucidum Ait. f.,Glossy Privet
3065.jpg,Ligustrum lucidum Ait. f.,Glossy Privet
3066.jpg,Ligustrum lucidum Ait. f.,Glossy Privet
3067.jpg,Ligustrum lucidum Ait. f.,Glossy Privet
3068.jpg,Ligustrum lucidum Ait. f.,Glossy Privet
3069.jpg,Ligustrum lucidum Ait. f.,Glossy Privet
3070.jpg,Ligustrum lucidum Ait. f.,Glossy Privet
3071.jpg,Ligustrum lucidum Ait. f.,Glossy Privet
3072.jpg,Ligustrum lucidum Ait. f.,Glossy Privet
3073.jpg,Ligustrum lucidum Ait. f.,Glossy Privet
3074.jpg,Ligustrum lucidum Ait. f.,Glossy Privet
3075.jpg,Ligustrum lucidum Ait. f.,Glossy Privet
3076.jpg,Ligustrum lucidum Ait. f.,Glossy Privet
3077.jpg,Ligustrum lucidum Ait. f.,Glossy Privet
3078.jpg,Ligustrum lucidum Ait. f.,Glossy Privet
3079.jpg,Ligustrum lucidum Ait. f.,Glossy Privet
3080.jpg,Ligustrum lucidum Ait. f.,Glossy Privet
3081.jpg,Ligustrum lucidum Ait. f.,Glossy Privet
3082.jpg,Ligustrum lucidum Ait. f.,Glossy Privet
3083.jpg,Ligustrum lucidum Ait. f.,Glossy Privet
3084.jpg,Ligustrum lucidum Ait. f.,Glossy Privet
3085.jpg,Ligustrum lucidum Ait. f.,Glossy Privet
3086.jpg,Ligustrum lucidum Ait. f.,Glossy Privet
3087.jpg,Ligustrum lucidum Ait. f.,Glossy Privet
3088.jpg,Ligustrum lucidum Ait. f.,Glossy Privet
3089.jpg,Ligustrum lucidum Ait. f.,Glossy Privet
3090.jpg,Ligustrum lucidum Ait. f.,Glossy Privet
3091.jpg,Ligustrum lucidum Ait. f.,Glossy Privet
3092.jpg,Ligustrum lucidum Ait. f.,Glossy Privet
3093.jpg,Ligustrum lucidum Ait. f.,Glossy Privet
3094.jpg,Ligustrum lucidum Ait. f.,Glossy Privet
3095.jpg,Ligustrum lucidum Ait. f.,Glossy Privet
3096.jpg,Ligustrum lucidum Ait. f.,Glossy Privet
3097.jpg,Ligustrum lucidum Ait. f.,Glossy Privet
3098.jpg,Ligustrum lucidum Ait. f.,Glossy Privet
3099.jpg,Ligustrum lucidum Ait. f.,Glossy Privet
3100.jpg,Ligustrum lucidum Ait. f.,Glossy Privet
3101.jpg,Ligustrum lucidum Ait. f.,Glossy Privet
3102.jpg,Ligustrum lucidum Ait. f.,Glossy Privet
3103.jpg,Ligustrum lucidum Ait. f.,Glossy Privet
3104.jpg,Ligustrum lucidum Ait. f.,Glossy Privet
3105.jpg,Ligustrum lucidum Ait. f.,Glossy Privet
3106.jpg,Ligustrum lucidum Ait. f.,Glossy Privet
3107.jpg,Ligustrum lucidum Ait. f.,Glossy Privet
3108.jpg,Ligustrum lucidum Ait. f.,Glossy Privet
3109.jpg,Ligustrum lucidum Ait. f.,Glossy Privet
3110.jpg,Ligustrum lucidum Ait. f.,Glossy Privet
3111.jpg,Tonna sinensis M. Roem.,Chinese Toon
3112.jpg,Tonna sinensis M. Roem.,Chinese Toon
3113.jpg,Tonna sinensis M. Roem.,Chinese Toon
3114.jpg,Tonna sinensis M. Roem.,Chinese Toon
3115.jpg,Tonna sinensis M. Roem.,Chinese Toon
3116.jpg,Tonna sinensis M. Roem.,Chinese Toon
3117.jpg,Tonna sinensis M. Roem.,Chinese Toon
3118.jpg,Tonna sinensis M. Roem.,Chinese Toon
3119.jpg,Tonna sinensis M. Roem.,Chinese Toon
3120.jpg,Tonna sinensis M. Roem.,Chinese Toon
3121.jpg,Tonna sinensis M. Roem.,Chinese Toon
3122.jpg,Tonna sinensis M. Roem.,Chinese Toon
3123.jpg,Tonna sinensis M. Roem.,Chinese Toon
3124.jpg,Tonna sinensis M. Roem.,Chinese Toon
3125.jpg,Tonna sinensis M. Roem.,Chinese Toon
3126.jpg,Tonna sinensis M. Roem.,Chinese Toon
3127.jpg,Tonna sinensis M. Roem.,Chinese Toon
3128.jpg,Tonna sinensis M. Roem.,Chinese Toon
3129.jpg,Tonna sinensis M. Roem.,Chinese Toon
3130.jpg,Tonna sinensis M. Roem.,Chinese Toon
3131.jpg,Tonna sinensis M. Roem.,Chinese Toon
3132.jpg,Tonna sinensis M. Roem.,Chinese Toon
3133.jpg,Tonna sinensis M. Roem.,Chinese Toon
3134.jpg,Tonna sinensis M. Roem.,Chinese Toon
3135.jpg,Tonna sinensis M. Roem.,Chinese Toon
3136.jpg,Tonna sinensis M. Roem.,Chinese Toon
3137.jpg,Tonna sinensis M. Roem.,Chinese Toon
3138.jpg,Tonna sinensis M. Roem.,Chinese Toon
3139.jpg,Tonna sinensis M. Roem.,Chinese Toon
3140.jpg,Tonna sinensis M. Roem.,Chinese Toon
3141.jpg,Tonna sinensis M. Roem.,Chinese Toon
3142.jpg,Tonna sinensis M. Roem.,Chinese Toon
3143.jpg,Tonna sinensis M. Roem.,Chinese Toon
3144.jpg,Tonna sinensis M. Roem.,Chinese Toon
3145.jpg,Tonna sinensis M. Roem.,Chinese Toon
3146.jpg,Tonna sinensis M. Roem.,Chinese Toon
3147.jpg,Tonna sinensis M. Roem.,Chinese Toon
3148.jpg,Tonna sinensis M. Roem.,Chinese Toon
3149.jpg,Tonna sinensis M. Roem.,Chinese Toon
3150.jpg,Tonna sinensis M. Roem.,Chinese Toon
3151.jpg,Tonna sinensis M. Roem.,Chinese Toon
3152.jpg,Tonna sinensis M. Roem.,Chinese Toon
3153.jpg,Tonna sinensis M. Roem.,Chinese Toon
3154.jpg,Tonna sinensis M. Roem.,Chinese Toon
3155.jpg,Tonna sinensis M. Roem.,Chinese Toon
3156.jpg,Tonna sinensis M. Roem.,Chinese Toon
3157.jpg,Tonna sinensis M. Roem.,Chinese Toon
3158.jpg,Tonna sinensis M. Roem.,Chinese Toon
3159.jpg,Tonna sinensis M. Roem.,Chinese Toon
3160.jpg,Tonna sinensis M. Roem.,Chinese Toon
3161.jpg,Tonna sinensis M. Roem.,Chinese Toon
3162.jpg,Tonna sinensis M. Roem.,Chinese Toon
3163.jpg,Tonna sinensis M. Roem.,Chinese Toon
3164.jpg,Tonna sinensis M. Roem.,Chinese Toon
3165.jpg,Tonna sinensis M. Roem.,Chinese Toon
3166.jpg,Tonna sinensis M. Roem.,Chinese Toon
3167.jpg,Tonna sinensis M. Roem.,Chinese Toon
3168.jpg,Tonna sinensis M. Roem.,Chinese Toon
3169.jpg,Tonna sinensis M. Roem.,Chinese Toon
3170.jpg,Tonna sinensis M. Roem.,Chinese Toon
3171.jpg,Tonna sinensis M. Roem.,Chinese Toon
3172.jpg,Tonna sinensis M. Roem.,Chinese Toon
3173.jpg,Tonna sinensis M. Roem.,Chinese Toon
3174.jpg,Tonna sinensis M. Roem.,Chinese Toon
3175.jpg,Tonna sinensis M. Roem.,Chinese Toon
3176.jpg,Prunus persica (L.) Batsch,peach
3177.jpg,Prunus persica (L.) Batsch,peach
3178.jpg,Prunus persica (L.) Batsch,peach
3179.jpg,Prunus persica (L.) Batsch,peach
3180.jpg,Prunus persica (L.) Batsch,peach
3181.jpg,Prunus persica (L.) Batsch,peach
3182.jpg,Prunus persica (L.) Batsch,peach
3183.jpg,Prunus persica (L.) Batsch,peach
3184.jpg,Prunus persica (L.) Batsch,peach
3185.jpg,Prunus persica (L.) Batsch,peach
3186.jpg,Prunus persica (L.) Batsch,peach
3187.jpg,Prunus persica (L.) Batsch,peach
3188.jpg,Prunus persica (L.) Batsch,peach
3189.jpg,Prunus persica (L.) Batsch,peach
3190.jpg,Prunus persica (L.) Batsch,peach
3191.jpg,Prunus persica (L.) Batsch,peach
3192.jpg,Prunus persica (L.) Batsch,peach
3193.jpg,Prunus persica (L.) Batsch,peach
3194.jpg,Prunus persica (L.) Batsch,peach
3195.jpg,Prunus persica (L.) Batsch,peach
3196.jpg,Prunus persica (L.) Batsch,peach
3197.jpg,Prunus persica (L.) Batsch,peach
3198.jpg,Prunus persica (L.) Batsch,peach
3199.jpg,Prunus persica (L.) Batsch,peach
3200.jpg,Prunus persica (L.) Batsch,peach
3201.jpg,Prunus persica (L.) Batsch,peach
3202.jpg,Prunus persica (L.) Batsch,peach
3203.jpg,Prunus persica (L.) Batsch,peach
3204.jpg,Prunus persica (L.) Batsch,peach
3205.jpg,Prunus persica (L.) Batsch,peach
3206.jpg,Prunus persica (L.) Batsch,peach
3207.jpg,Prunus persica (L.) Batsch,peach
3208.jpg,Prunus persica (L.) Batsch,peach
3209.jpg,Prunus persica (L.) Batsch,peach
3210.jpg,Prunus persica (L.) Batsch,peach
3211.jpg,Prunus persica (L.) Batsch,peach
3212.jpg,Prunus persica (L.) Batsch,peach
3213.jpg,Prunus persica (L.) Batsch,peach
3214.jpg,Prunus persica (L.) Batsch,peach
3215.jpg,Prunus persica (L.) Batsch,peach
3216.jpg,Prunus persica (L.) Batsch,peach
3217.jpg,Prunus persica (L.) Batsch,peach
3218.jpg,Prunus persica (L.) Batsch,peach
3219.jpg,Prunus persica (L.) Batsch,peach
3220.jpg,Prunus persica (L.) Batsch,peach
3221.jpg,Prunus persica (L.) Batsch,peach
3222.jpg,Prunus persica (L.) Batsch,peach
3223.jpg,Prunus persica (L.) Batsch,peach
3224.jpg,Prunus persica (L.) Batsch,peach
3225.jpg,Prunus persica (L.) Batsch,peach
3226.jpg,Prunus persica (L.) Batsch,peach
3227.jpg,Prunus persica (L.) Batsch,peach
3228.jpg,Prunus persica (L.) Batsch,peach
3229.jpg,Prunus persica (L.) Batsch,peach
3230.jpg,Manglietia fordiana Oliv.,Ford Woodlotus
3231.jpg,Manglietia fordiana Oliv.,Ford Woodlotus
3232.jpg,Manglietia fordiana Oliv.,Ford Woodlotus
3233.jpg,Manglietia fordiana Oliv.,Ford Woodlotus
3234.jpg,Manglietia fordiana Oliv.,Ford Woodlotus
3235.jpg,Manglietia fordiana Oliv.,Ford Woodlotus
3236.jpg,Manglietia fordiana Oliv.,Ford Woodlotus
3237.jpg,Manglietia fordiana Oliv.,Ford Woodlotus
3238.jpg,Manglietia fordiana Oliv.,Ford Woodlotus
3239.jpg,Manglietia fordiana Oliv.,Ford Woodlotus
3240.jpg,Manglietia fordiana Oliv.,Ford Woodlotus
3241.jpg,Manglietia fordiana Oliv.,Ford Woodlotus
3242.jpg,Manglietia fordiana Oliv.,Ford Woodlotus
3243.jpg,Manglietia fordiana Oliv.,Ford Woodlotus
3244.jpg,Manglietia fordiana Oliv.,Ford Woodlotus
3245.jpg,Manglietia fordiana Oliv.,Ford Woodlotus
3246.jpg,Manglietia fordiana Oliv.,Ford Woodlotus
3247.jpg,Manglietia fordiana Oliv.,Ford Woodlotus
3248.jpg,Manglietia fordiana Oliv.,Ford Woodlotus
3249.jpg,Manglietia fordiana Oliv.,Ford Woodlotus
3250.jpg,Manglietia fordiana Oliv.,Ford Woodlotus
3251.jpg,Manglietia fordiana Oliv.,Ford Woodlotus
3252.jpg,Manglietia fordiana Oliv.,Ford Woodlotus
3253.jpg,Manglietia fordiana Oliv.,Ford Woodlotus
3254.jpg,Manglietia fordiana Oliv.,Ford Woodlotus
3255.jpg,Manglietia fordiana Oliv.,Ford Woodlotus
3256.jpg,Manglietia fordiana Oliv.,Ford Woodlotus
3257.jpg,Manglietia fordiana Oliv.,Ford Woodlotus
3258.jpg,Manglietia fordiana Oliv.,Ford Woodlotus
3259.jpg,Manglietia fordiana Oliv.,Ford Woodlotus
3260.jpg,Manglietia fordiana Oliv.,Ford Woodlotus
3261.jpg,Manglietia fordiana Oliv.,Ford Woodlotus
3262.jpg,Manglietia fordiana Oliv.,Ford Woodlotus
3263.jpg,Manglietia fordiana Oliv.,Ford Woodlotus
3264.jpg,Manglietia fordiana Oliv.,Ford Woodlotus
3265.jpg,Manglietia fordiana Oliv.,Ford Woodlotus
3266.jpg,Manglietia fordiana Oliv.,Ford Woodlotus
3267.jpg,Manglietia fordiana Oliv.,Ford Woodlotus
3268.jpg,Manglietia fordiana Oliv.,Ford Woodlotus
3269.jpg,Manglietia fordiana Oliv.,Ford Woodlotus
3270.jpg,Manglietia fordiana Oliv.,Ford Woodlotus
3271.jpg,Manglietia fordiana Oliv.,Ford Woodlotus
3272.jpg,Manglietia fordiana Oliv.,Ford Woodlotus
3273.jpg,Manglietia fordiana Oliv.,Ford Woodlotus
3274.jpg,Manglietia fordiana Oliv.,Ford Woodlotus
3275.jpg,Manglietia fordiana Oliv.,Ford Woodlotus
3276.jpg,Manglietia fordiana Oliv.,Ford Woodlotus
3277.jpg,Manglietia fordiana Oliv.,Ford Woodlotus
3278.jpg,Manglietia fordiana Oliv.,Ford Woodlotus
3279.jpg,Manglietia fordiana Oliv.,Ford Woodlotus
3280.jpg,Manglietia fordiana Oliv.,Ford Woodlotus
3281.jpg,Manglietia fordiana Oliv.,Ford Woodlotus
3282.jpg,Acer buergerianum Miq.,trident maple
3283.jpg,Acer buergerianum Miq.,trident maple
3284.jpg,Acer buergerianum Miq.,trident maple
3285.jpg,Acer buergerianum Miq.,trident maple
3286.jpg,Acer buergerianum Miq.,trident maple
3287.jpg,Acer buergerianum Miq.,trident maple
3288.jpg,Acer buergerianum Miq.,trident maple
3289.jpg,Acer buergerianum Miq.,trident maple
3290.jpg,Acer buergerianum Miq.,trident maple
3291.jpg,Acer buergerianum Miq.,trident maple
3292.jpg,Acer buergerianum Miq.,trident maple
3293.jpg,Acer buergerianum Miq.,trident maple
3294.jpg,Acer buergerianum Miq.,trident maple
3295.jpg,Acer buergerianum Miq.,trident maple
3296.jpg,Acer buergerianum Miq.,trident maple
3297.jpg,Acer buergerianum Miq.,trident maple
3298.jpg,Acer buergerianum Miq.,trident maple
3299.jpg,Acer buergerianum Miq.,trident maple
3300.jpg,Acer buergerianum Miq.,trident maple
3301.jpg,Acer buergerianum Miq.,trident maple
3302.jpg,Acer buergerianum Miq.,trident maple
3303.jpg,Acer buergerianum Miq.,trident maple
3304.jpg,Acer buergerianum Miq.,trident maple
3305.jpg,Acer buergerianum Miq.,trident maple
3306.jpg,Acer buergerianum Miq.,trident maple
3307.jpg,Acer buergerianum Miq.,trident maple
3308.jpg,Acer buergerianum Miq.,trident maple
3309.jpg,Acer buergerianum Miq.,trident maple
3310.jpg,Acer buergerianum Miq.,trident maple
3311.jpg,Acer buergerianum Miq.,trident maple
3312.jpg,Acer buergerianum Miq.,trident maple
3313.jpg,Acer buergerianum Miq.,trident maple
3314.jpg,Acer buergerianum Miq.,trident maple
3315.jpg,Acer buergerianum Miq.,trident maple
3316.jpg,Acer buergerianum Miq.,trident maple
3317.jpg,Acer buergerianum Miq.,trident maple
3318.jpg,Acer buergerianum Miq.,trident maple
3319.jpg,Acer buergerianum Miq.,trident maple
3320.jpg,Acer buergerianum Miq.,trident maple
3321.jpg,Acer buergerianum Miq.,trident maple
3322.jpg,Acer buergerianum Miq.,trident maple
3323.jpg,Acer buergerianum Miq.,trident maple
3324.jpg,Acer buergerianum Miq.,trident maple
3325.jpg,Acer buergerianum Miq.,trident maple
3326.jpg,Acer buergerianum Miq.,trident maple
3327.jpg,Acer buergerianum Miq.,trident maple
3328.jpg,Acer buergerianum Miq.,trident maple
3329.jpg,Acer buergerianum Miq.,trident maple
3330.jpg,Acer buergerianum Miq.,trident maple
3331.jpg,Acer buergerianum Miq.,trident maple
3332.jpg,Acer buergerianum Miq.,trident maple
3333.jpg,Acer buergerianum Miq.,trident maple
3334.jpg,Acer buergerianum Miq.,trident maple
3335.jpg,Mahonia bealei (Fortune) Carr.,Beale's barberry
3336.jpg,Mahonia bealei (Fortune) Carr.,Beale's barberry
3337.jpg,Mahonia bealei (Fortune) Carr.,Beale's barberry
3338.jpg,Mahonia bealei (Fortune) Carr.,Beale's barberry
3339.jpg,Mahonia bealei (Fortune) Carr.,Beale's barberry
3340.jpg,Mahonia bealei (Fortune) Carr.,Beale's barberry
3341.jpg,Mahonia bealei (Fortune) Carr.,Beale's barberry
3342.jpg,Mahonia bealei (Fortune) Carr.,Beale's barberry
3343.jpg,Mahonia bealei (Fortune) Carr.,Beale's barberry
3344.jpg,Mahonia bealei (Fortune) Carr.,Beale's barberry
3345.jpg,Mahonia bealei (Fortune) Carr.,Beale's barberry
3346.jpg,Mahonia bealei (Fortune) Carr.,Beale's barberry
3347.jpg,Mahonia bealei (Fortune) Carr.,Beale's barberry
3348.jpg,Mahonia bealei (Fortune) Carr.,Beale's barberry
3349.jpg,Mahonia bealei (Fortune) Carr.,Beale's barberry
3350.jpg,Mahonia bealei (Fortune) Carr.,Beale's barberry
3351.jpg,Mahonia bealei (Fortune) Carr.,Beale's barberry
3352.jpg,Mahonia bealei (Fortune) Carr.,Beale's barberry
3353.jpg,Mahonia bealei (Fortune) Carr.,Beale's barberry
3354.jpg,Mahonia bealei (Fortune) Carr.,Beale's barberry
3355.jpg,Mahonia bealei (Fortune) Carr.,Beale's barberry
3356.jpg,Mahonia bealei (Fortune) Carr.,Beale's barberry
3357.jpg,Mahonia bealei (Fortune) Carr.,Beale's barberry
3358.jpg,Mahonia bealei (Fortune) Carr.,Beale's barberry
3359.jpg,Mahonia bealei (Fortune) Carr.,Beale's barberry
3360.jpg,Mahonia bealei (Fortune) Carr.,Beale's barberry
3361.jpg,Mahonia bealei (Fortune) Carr.,Beale's barberry
3362.jpg,Mahonia bealei (Fortune) Carr.,Beale's barberry
3363.jpg,Mahonia bealei (Fortune) Carr.,Beale's barberry
3364.jpg,Mahonia bealei (Fortune) Carr.,Beale's barberry
3365.jpg,Mahonia bealei (Fortune) Carr.,Beale's barberry
3366.jpg,Mahonia bealei (Fortune) Carr.,Beale's barberry
3367.jpg,Mahonia bealei (Fortune) Carr.,Beale's barberry
3368.jpg,Mahonia bealei (Fortune) Carr.,Beale's barberry
3369.jpg,Mahonia bealei (Fortune) Carr.,Beale's barberry
3370.jpg,Mahonia bealei (Fortune) Carr.,Beale's barberry
3371.jpg,Mahonia bealei (Fortune) Carr.,Beale's barberry
3372.jpg,Mahonia bealei (Fortune) Carr.,Beale's barberry
3373.jpg,Mahonia bealei (Fortune) Carr.,Beale's barberry
3374.jpg,Mahonia bealei (Fortune) Carr.,Beale's barberry
3375.jpg,Mahonia bealei (Fortune) Carr.,Beale's barberry
3376.jpg,Mahonia bealei (Fortune) Carr.,Beale's barberry
3377.jpg,Mahonia bealei (Fortune) Carr.,Beale's barberry
3378.jpg,Mahonia bealei (Fortune) Carr.,Beale's barberry
3379.jpg,Mahonia bealei (Fortune) Carr.,Beale's barberry
3380.jpg,Mahonia bealei (Fortune) Carr.,Beale's barberry
3381.jpg,Mahonia bealei (Fortune) Carr.,Beale's barberry
3382.jpg,Mahonia bealei (Fortune) Carr.,Beale's barberry
3383.jpg,Mahonia bealei (Fortune) Carr.,Beale's barberry
3384.jpg,Mahonia bealei (Fortune) Carr.,Beale's barberry
3385.jpg,Mahonia bealei (Fortune) Carr.,Beale's barberry
3386.jpg,Mahonia bealei (Fortune) Carr.,Beale's barberry
3387.jpg,Mahonia bealei (Fortune) Carr.,Beale's barberry
3388.jpg,Mahonia bealei (Fortune) Carr.,Beale's barberry
3389.jpg,Mahonia bealei (Fortune) Carr.,Beale's barberry
3390.jpg,Magnolia grandiflora L.,southern magnolia
3391.jpg,Magnolia grandiflora L.,southern magnolia
3392.jpg,Magnolia grandiflora L.,southern magnolia
3393.jpg,Magnolia grandiflora L.,southern magnolia
3394.jpg,Magnolia grandiflora L.,southern magnolia
3395.jpg,Magnolia grandiflora L.,southern magnolia
3396.jpg,Magnolia grandiflora L.,southern magnolia
3397.jpg,Magnolia grandiflora L.,southern magnolia
3398.jpg,Magnolia grandiflora L.,southern magnolia
3399.jpg,Magnolia grandiflora L.,southern magnolia
3400.jpg,Magnolia grandiflora L.,southern magnolia
3401.jpg,Magnolia grandiflora L.,southern magnolia
3402.jpg,Magnolia grandiflora L.,southern magnolia
3403.jpg,Magnolia grandiflora L.,southern magnolia
3404.jpg,Magnolia grandiflora L.,southern magnolia
3405.jpg,Magnolia grandiflora L.,southern magnolia
3406.jpg,Magnolia grandiflora L.,southern magnolia
3407.jpg,Magnolia grandiflora L.,southern magnolia
3408.jpg,Magnolia grandiflora L.,southern magnolia
3409.jpg,Magnolia grandiflora L.,southern magnolia
3410.jpg,Magnolia grandiflora L.,southern magnolia
3411.jpg,Magnolia grandiflora L.,southern magnolia
3412.jpg,Magnolia grandiflora L.,southern magnolia
3413.jpg,Magnolia grandiflora L.,southern magnolia
3414.jpg,Magnolia grandiflora L.,southern magnolia
3415.jpg,Magnolia grandiflora L.,southern magnolia
3416.jpg,Magnolia grandiflora L.,southern magnolia
3417.jpg,Magnolia grandiflora L.,southern magnolia
3418.jpg,Magnolia grandiflora L.,southern magnolia
3419.jpg,Magnolia grandiflora L.,southern magnolia
3420.jpg,Magnolia grandiflora L.,southern magnolia
3421.jpg,Magnolia grandiflora L.,southern magnolia
3422.jpg,Magnolia grandiflora L.,southern magnolia
3423.jpg,Magnolia grandiflora L.,southern magnolia
3424.jpg,Magnolia grandiflora L.,southern magnolia
3425.jpg,Magnolia grandiflora L.,southern magnolia
3426.jpg,Magnolia grandiflora L.,southern magnolia
3427.jpg,Magnolia grandiflora L.,southern magnolia
3428.jpg,Magnolia grandiflora L.,southern magnolia
3429.jpg,Magnolia grandiflora L.,southern magnolia
3430.jpg,Magnolia grandiflora L.,southern magnolia
3431.jpg,Magnolia grandiflora L.,southern magnolia
3432.jpg,Magnolia grandiflora L.,southern magnolia
3433.jpg,Magnolia grandiflora L.,southern magnolia
3434.jpg,Magnolia grandiflora L.,southern magnolia
3435.jpg,Magnolia grandiflora L.,southern magnolia
3436.jpg,Magnolia grandiflora L.,southern magnolia
3437.jpg,Magnolia grandiflora L.,southern magnolia
3438.jpg,Magnolia grandiflora L.,southern magnolia
3439.jpg,Magnolia grandiflora L.,southern magnolia
3440.jpg,Magnolia grandiflora L.,southern magnolia
3441.jpg,Magnolia grandiflora L.,southern magnolia
3442.jpg,Magnolia grandiflora L.,southern magnolia
3443.jpg,Magnolia grandiflora L.,southern magnolia
3444.jpg,Magnolia grandiflora L.,southern magnolia
3445.jpg,Magnolia grandiflora L.,southern magnolia
3446.jpg,Magnolia grandiflora L.,southern magnolia
3447.jpg,Populus canadensis Moench,Canadian poplar
3448.jpg,Populus canadensis Moench,Canadian poplar
3449.jpg,Populus canadensis Moench,Canadian poplar
3450.jpg,Populus canadensis Moench,Canadian poplar
3451.jpg,Populus canadensis Moench,Canadian poplar
3452.jpg,Populus canadensis Moench,Canadian poplar
3453.jpg,Populus canadensis Moench,Canadian poplar
3454.jpg,Populus canadensis Moench,Canadian poplar
3455.jpg,Populus canadensis Moench,Canadian poplar
3456.jpg,Populus canadensis Moench,Canadian poplar
3457.jpg,Populus canadensis Moench,Canadian poplar
3458.jpg,Populus canadensis Moench,Canadian poplar
3459.jpg,Populus canadensis Moench,Canadian poplar
3460.jpg,Populus canadensis Moench,Canadian poplar
3461.jpg,Populus canadensis Moench,Canadian poplar
3462.jpg,Populus canadensis Moench,Canadian poplar
3463.jpg,Populus canadensis Moench,Canadian poplar
3464.jpg,Populus canadensis Moench,Canadian poplar
3465.jpg,Populus canadensis Moench,Canadian poplar
3466.jpg,Populus canadensis Moench,Canadian poplar
3467.jpg,Populus canadensis Moench,Canadian poplar
3468.jpg,Populus canadensis Moench,Canadian poplar
3469.jpg,Populus canadensis Moench,Canadian poplar
3470.jpg,Populus canadensis Moench,Canadian poplar
3471.jpg,Populus canadensis Moench,Canadian poplar
3472.jpg,Populus canadensis Moench,Canadian poplar
3473.jpg,Populus canadensis Moench,Canadian poplar
3474.jpg,Populus canadensis Moench,Canadian poplar
3475.jpg,Populus canadensis Moench,Canadian poplar
3476.jpg,Populus canadensis Moench,Canadian poplar
3477.jpg,Populus canadensis Moench,Canadian poplar
3478.jpg,Populus canadensis Moench,Canadian poplar
3479.jpg,Populus canadensis Moench,Canadian poplar
3480.jpg,Populus canadensis Moench,Canadian poplar
3481.jpg,Populus canadensis Moench,Canadian poplar
3482.jpg,Populus canadensis Moench,Canadian poplar
3483.jpg,Populus canadensis Moench,Canadian poplar
3484.jpg,Populus canadensis Moench,Canadian poplar
3485.jpg,Populus canadensis Moench,Canadian poplar
3486.jpg,Populus canadensis Moench,Canadian poplar
3487.jpg,Populus canadensis Moench,Canadian poplar
3488.jpg,Populus canadensis Moench,Canadian poplar
3489.jpg,Populus canadensis Moench,Canadian poplar
3490.jpg,Populus canadensis Moench,Canadian poplar
3491.jpg,Populus canadensis Moench,Canadian poplar
3492.jpg,Populus canadensis Moench,Canadian poplar
3493.jpg,Populus canadensis Moench,Canadian poplar
3494.jpg,Populus canadensis Moench,Canadian poplar
3495.jpg,Populus canadensis Moench,Canadian poplar
3496.jpg,Populus canadensis Moench,Canadian poplar
3497.jpg,Populus canadensis Moench,Canadian poplar
3498.jpg,Populus canadensis Moench,Canadian poplar
3499.jpg,Populus canadensis Moench,Canadian poplar
3500.jpg,Populus canadensis Moench,Canadian poplar
3501.jpg,Populus canadensis Moench,Canadian poplar
3502.jpg,Populus canadensis Moench,Canadian poplar
3503.jpg,Populus canadensis Moench,Canadian poplar
3504.jpg,Populus canadensis Moench,Canadian poplar
3505.jpg,Populus canadensis Moench,Canadian poplar
3506.jpg,Populus canadensis Moench,Canadian poplar
3507.jpg,Populus canadensis Moench,Canadian poplar
3508.jpg,Populus canadensis Moench,Canadian poplar
3509.jpg,Populus canadensis Moench,Canadian poplar
3510.jpg,Populus canadensis Moench,Canadian poplar
3511.jpg,Liriodendron chinense (Hemsl.) Sarg.,Chinese tulip tree
3512.jpg,Liriodendron chinense (Hemsl.) Sarg.,Chinese tulip tree
3513.jpg,Liriodendron chinense (Hemsl.) Sarg.,Chinese tulip tree
3514.jpg,Liriodendron chinense (Hemsl.) Sarg.,Chinese tulip tree
3515.jpg,Liriodendron chinense (Hemsl.) Sarg.,Chinese tulip tree
3516.jpg,Liriodendron chinense (Hemsl.) Sarg.,Chinese tulip tree
3517.jpg,Liriodendron chinense (Hemsl.) Sarg.,Chinese tulip tree
3518.jpg,Liriodendron chinense (Hemsl.) Sarg.,Chinese tulip tree
3519.jpg,Liriodendron chinense (Hemsl.) Sarg.,Chinese tulip tree
3520.jpg,Liriodendron chinense (Hemsl.) Sarg.,Chinese tulip tree
3521.jpg,Liriodendron chinense (Hemsl.) Sarg.,Chinese tulip tree
3522.jpg,Liriodendron chinense (Hemsl.) Sarg.,Chinese tulip tree
3523.jpg,Liriodendron chinense (Hemsl.) Sarg.,Chinese tulip tree
3524.jpg,Liriodendron chinense (Hemsl.) Sarg.,Chinese tulip tree
3525.jpg,Liriodendron chinense (Hemsl.) Sarg.,Chinese tulip tree
3526.jpg,Liriodendron chinense (Hemsl.) Sarg.,Chinese tulip tree
3527.jpg,Liriodendron chinense (Hemsl.) Sarg.,Chinese tulip tree
3528.jpg,Liriodendron chinense (Hemsl.) Sarg.,Chinese tulip tree
3529.jpg,Liriodendron chinense (Hemsl.) Sarg.,Chinese tulip tree
3530.jpg,Liriodendron chinense (Hemsl.) Sarg.,Chinese tulip tree
3531.jpg,Liriodendron chinense (Hemsl.) Sarg.,Chinese tulip tree
3532.jpg,Liriodendron chinense (Hemsl.) Sarg.,Chinese tulip tree
3533.jpg,Liriodendron chinense (Hemsl.) Sarg.,Chinese tulip tree
3534.jpg,Liriodendron chinense (Hemsl.) Sarg.,Chinese tulip tree
3535.jpg,Liriodendron chinense (Hemsl.) Sarg.,Chinese tulip tree
3536.jpg,Liriodendron chinense (Hemsl.) Sarg.,Chinese tulip tree
3537.jpg,Liriodendron chinense (Hemsl.) Sarg.,Chinese tulip tree
3538.jpg,Liriodendron chinense (Hemsl.) Sarg.,Chinese tulip tree
3539.jpg,Liriodendron chinense (Hemsl.) Sarg.,Chinese tulip tree
3540.jpg,Liriodendron chinense (Hemsl.) Sarg.,Chinese tulip tree
3541.jpg,Liriodendron chinense (Hemsl.) Sarg.,Chinese tulip tree
3542.jpg,Liriodendron chinense (Hemsl.) Sarg.,Chinese tulip tree
3543.jpg,Liriodendron chinense (Hemsl.) Sarg.,Chinese tulip tree
3544.jpg,Liriodendron chinense (Hemsl.) Sarg.,Chinese tulip tree
3545.jpg,Liriodendron chinense (Hemsl.) Sarg.,Chinese tulip tree
3546.jpg,Liriodendron chinense (Hemsl.) Sarg.,Chinese tulip tree
3547.jpg,Liriodendron chinense (Hemsl.) Sarg.,Chinese tulip tree
3548.jpg,Liriodendron chinense (Hemsl.) Sarg.,Chinese tulip tree
3549.jpg,Liriodendron chinense (Hemsl.) Sarg.,Chinese tulip tree
3550.jpg,Liriodendron chinense (Hemsl.) Sarg.,Chinese tulip tree
3551.jpg,Liriodendron chinense (Hemsl.) Sarg.,Chinese tulip tree
3552.jpg,Liriodendron chinense (Hemsl.) Sarg.,Chinese tulip tree
3553.jpg,Liriodendron chinense (Hemsl.) Sarg.,Chinese tulip tree
3554.jpg,Liriodendron chinense (Hemsl.) Sarg.,Chinese tulip tree
3555.jpg,Liriodendron chinense (Hemsl.) Sarg.,Chinese tulip tree
3556.jpg,Liriodendron chinense (Hemsl.) Sarg.,Chinese tulip tree
3557.jpg,Liriodendron chinense (Hemsl.) Sarg.,Chinese tulip tree
3558.jpg,Liriodendron chinense (Hemsl.) Sarg.,Chinese tulip tree
3559.jpg,Liriodendron chinense (Hemsl.) Sarg.,Chinese tulip tree
3560.jpg,Liriodendron chinense (Hemsl.) Sarg.,Chinese tulip tree
3561.jpg,Liriodendron chinense (Hemsl.) Sarg.,Chinese tulip tree
3562.jpg,Liriodendron chinense (Hemsl.) Sarg.,Chinese tulip tree
3563.jpg,Liriodendron chinense (Hemsl.) Sarg.,Chinese tulip tree
3566.jpg,Citrus reticulata Blanco,tangerine
3567.jpg,Citrus reticulata Blanco,tangerine
3568.jpg,Citrus reticulata Blanco,tangerine
3569.jpg,Citrus reticulata Blanco,tangerine
3570.jpg,Citrus reticulata Blanco,tangerine
3571.jpg,Citrus reticulata Blanco,tangerine
3572.jpg,Citrus reticulata Blanco,tangerine
3573.jpg,Citrus reticulata Blanco,tangerine
3574.jpg,Citrus reticulata Blanco,tangerine
3575.jpg,Citrus reticulata Blanco,tangerine
3576.jpg,Citrus reticulata Blanco,tangerine
3577.jpg,Citrus reticulata Blanco,tangerine
3578.jpg,Citrus reticulata Blanco,tangerine
3579.jpg,Citrus reticulata Blanco,tangerine
3580.jpg,Citrus reticulata Blanco,tangerine
3581.jpg,Citrus reticulata Blanco,tangerine
3582.jpg,Citrus reticulata Blanco,tangerine
3583.jpg,Citrus reticulata Blanco,tangerine
3584.jpg,Citrus reticulata Blanco,tangerine
3585.jpg,Citrus reticulata Blanco,tangerine
3586.jpg,Citrus reticulata Blanco,tangerine
3587.jpg,Citrus reticulata Blanco,tangerine
3588.jpg,Citrus reticulata Blanco,tangerine
3589.jpg,Citrus reticulata Blanco,tangerine
3590.jpg,Citrus reticulata Blanco,tangerine
3591.jpg,Citrus reticulata Blanco,tangerine
3592.jpg,Citrus reticulata Blanco,tangerine
3593.jpg,Citrus reticulata Blanco,tangerine
3594.jpg,Citrus reticulata Blanco,tangerine
3595.jpg,Citrus reticulata Blanco,tangerine
3596.jpg,Citrus reticulata Blanco,tangerine
3597.jpg,Citrus reticulata Blanco,tangerine
3598.jpg,Citrus reticulata Blanco,tangerine
3599.jpg,Citrus reticulata Blanco,tangerine
3600.jpg,Citrus reticulata Blanco,tangerine
3601.jpg,Citrus reticulata Blanco,tangerine
3602.jpg,Citrus reticulata Blanco,tangerine
3603.jpg,Citrus reticulata Blanco,tangerine
3604.jpg,Citrus reticulata Blanco,tangerine
3605.jpg,Citrus reticulata Blanco,tangerine
3606.jpg,Citrus reticulata Blanco,tangerine
3607.jpg,Citrus reticulata Blanco,tangerine
3608.jpg,Citrus reticulata Blanco,tangerine
3609.jpg,Citrus reticulata Blanco,tangerine
3610.jpg,Citrus reticulata Blanco,tangerine
3611.jpg,Citrus reticulata Blanco,tangerine
3612.jpg,Citrus reticulata Blanco,tangerine
3613.jpg,Citrus reticulata Blanco,tangerine
3614.jpg,Citrus reticulata Blanco,tangerine
3615.jpg,Citrus reticulata Blanco,tangerine
3616.jpg,Citrus reticulata Blanco,tangerine
3617.jpg,Citrus reticulata Blanco,tangerine
3618.jpg,Citrus reticulata Blanco,tangerine
3619.jpg,Citrus reticulata Blanco,tangerine
3620.jpg,Citrus reticulata Blanco,tangerine
3621.jpg,Citrus reticulata Blanco,tangerine
